run,depth,seed,step,normalized_progress,direction,verdict,value_scalar
d12-s10,12,10,1,0.0003968253968253968,random,inconclusive,1.0
d12-s10,12,10,1,0.0003968253968253968,gradient,inconclusive,1.0
d12-s10,12,10,1,0.0003968253968253968,update,inconclusive,1.0
d12-s10,12,10,2,0.0007936507936507937,random,inconclusive,1.0
d12-s10,12,10,2,0.0007936507936507937,gradient,inconclusive,1.0
d12-s10,12,10,2,0.0007936507936507937,update,inconclusive,1.0
d12-s10,12,10,3,0.0011904761904761906,random,inconclusive,1.0
d12-s10,12,10,3,0.0011904761904761906,gradient,inconclusive,1.0
d12-s10,12,10,3,0.0011904761904761906,update,inconclusive,1.0
d12-s10,12,10,5,0.001984126984126984,random,inconclusive,1.0
d12-s10,12,10,5,0.001984126984126984,gradient,inconclusive,1.0
d12-s10,12,10,5,0.001984126984126984,update,inconclusive,1.0
d12-s10,12,10,9,0.0035714285714285713,random,inconclusive,1.0
d12-s10,12,10,9,0.0035714285714285713,gradient,passed,0.0
d12-s10,12,10,9,0.0035714285714285713,update,inconclusive,1.0
d12-s10,12,10,17,0.006746031746031746,random,inconclusive,1.0
d12-s10,12,10,17,0.006746031746031746,gradient,passed,0.0
d12-s10,12,10,17,0.006746031746031746,update,inconclusive,1.0
d12-s10,12,10,33,0.013095238095238096,random,inconclusive,1.0
d12-s10,12,10,33,0.013095238095238096,gradient,passed,0.0
d12-s10,12,10,33,0.013095238095238096,update,inconclusive,1.0
d12-s10,12,10,41,0.01626984126984127,random,inconclusive,1.0
d12-s10,12,10,41,0.01626984126984127,gradient,passed,0.0
d12-s10,12,10,41,0.01626984126984127,update,inconclusive,1.0
d12-s10,12,10,65,0.025793650793650792,random,inconclusive,1.0
d12-s10,12,10,65,0.025793650793650792,gradient,passed,0.0
d12-s10,12,10,65,0.025793650793650792,update,inconclusive,1.0
d12-s10,12,10,127,0.0503968253968254,random,inconclusive,1.0
d12-s10,12,10,127,0.0503968253968254,gradient,passed,0.0
d12-s10,12,10,127,0.0503968253968254,update,inconclusive,1.0
d12-s10,12,10,253,0.1003968253968254,random,inconclusive,1.0
d12-s10,12,10,253,0.1003968253968254,gradient,passed,0.0
d12-s10,12,10,253,0.1003968253968254,update,inconclusive,1.0
d12-s10,12,10,379,0.1503968253968254,random,inconclusive,1.0
d12-s10,12,10,379,0.1503968253968254,gradient,passed,0.0
d12-s10,12,10,379,0.1503968253968254,update,inconclusive,1.0
d12-s10,12,10,401,0.15912698412698412,random,inconclusive,1.0
d12-s10,12,10,401,0.15912698412698412,gradient,passed,0.0
d12-s10,12,10,401,0.15912698412698412,update,inconclusive,1.0
d12-s10,12,10,505,0.2003968253968254,random,inconclusive,1.0
d12-s10,12,10,505,0.2003968253968254,gradient,passed,0.0
d12-s10,12,10,505,0.2003968253968254,update,inconclusive,1.0
d12-s10,12,10,631,0.2503968253968254,random,inconclusive,1.0
d12-s10,12,10,631,0.2503968253968254,gradient,passed,0.0
d12-s10,12,10,631,0.2503968253968254,update,failed,2.0
d12-s10,12,10,757,0.3003968253968254,random,inconclusive,1.0
d12-s10,12,10,757,0.3003968253968254,gradient,passed,0.0
d12-s10,12,10,757,0.3003968253968254,update,inconclusive,1.0
d12-s10,12,10,883,0.3503968253968254,random,inconclusive,1.0
d12-s10,12,10,883,0.3503968253968254,gradient,passed,0.0
d12-s10,12,10,883,0.3503968253968254,update,inconclusive,1.0
d12-s10,12,10,1009,0.4003968253968254,random,inconclusive,1.0
d12-s10,12,10,1009,0.4003968253968254,gradient,passed,0.0
d12-s10,12,10,1009,0.4003968253968254,update,inconclusive,1.0
d12-s10,12,10,1135,0.4503968253968254,random,inconclusive,1.0
d12-s10,12,10,1135,0.4503968253968254,gradient,passed,0.0
d12-s10,12,10,1135,0.4503968253968254,update,inconclusive,1.0
d12-s10,12,10,1261,0.5003968253968254,random,inconclusive,1.0
d12-s10,12,10,1261,0.5003968253968254,gradient,passed,0.0
d12-s10,12,10,1261,0.5003968253968254,update,inconclusive,1.0
d12-s10,12,10,1386,0.55,random,inconclusive,1.0
d12-s10,12,10,1386,0.55,gradient,passed,0.0
d12-s10,12,10,1386,0.55,update,inconclusive,1.0
d12-s10,12,10,1512,0.6,random,inconclusive,1.0
d12-s10,12,10,1512,0.6,gradient,passed,0.0
d12-s10,12,10,1512,0.6,update,inconclusive,1.0
d12-s10,12,10,1638,0.65,random,inconclusive,1.0
d12-s10,12,10,1638,0.65,gradient,passed,0.0
d12-s10,12,10,1638,0.65,update,inconclusive,1.0
d12-s10,12,10,1764,0.7,random,inconclusive,1.0
d12-s10,12,10,1764,0.7,gradient,passed,0.0
d12-s10,12,10,1764,0.7,update,inconclusive,1.0
d12-s10,12,10,1890,0.75,random,inconclusive,1.0
d12-s10,12,10,1890,0.75,gradient,passed,0.0
d12-s10,12,10,1890,0.75,update,inconclusive,1.0
d12-s10,12,10,2016,0.8,random,inconclusive,1.0
d12-s10,12,10,2016,0.8,gradient,passed,0.0
d12-s10,12,10,2016,0.8,update,inconclusive,1.0
d12-s10,12,10,2142,0.85,random,inconclusive,1.0
d12-s10,12,10,2142,0.85,gradient,passed,0.0
d12-s10,12,10,2142,0.85,update,inconclusive,1.0
d12-s10,12,10,2268,0.9,random,inconclusive,1.0
d12-s10,12,10,2268,0.9,gradient,passed,0.0
d12-s10,12,10,2268,0.9,update,inconclusive,1.0
d12-s10,12,10,2394,0.95,random,inconclusive,1.0
d12-s10,12,10,2394,0.95,gradient,passed,0.0
d12-s10,12,10,2394,0.95,update,inconclusive,1.0
d12-s10,12,10,2520,1.0,random,inconclusive,1.0
d12-s10,12,10,2520,1.0,gradient,passed,0.0
d12-s10,12,10,2520,1.0,update,inconclusive,1.0
d12-s11,12,11,1,0.0003968253968253968,random,inconclusive,1.0
d12-s11,12,11,1,0.0003968253968253968,gradient,inconclusive,1.0
d12-s11,12,11,1,0.0003968253968253968,update,inconclusive,1.0
d12-s11,12,11,2,0.0007936507936507937,random,inconclusive,1.0
d12-s11,12,11,2,0.0007936507936507937,gradient,inconclusive,1.0
d12-s11,12,11,2,0.0007936507936507937,update,inconclusive,1.0
d12-s11,12,11,3,0.0011904761904761906,random,inconclusive,1.0
d12-s11,12,11,3,0.0011904761904761906,gradient,inconclusive,1.0
d12-s11,12,11,3,0.0011904761904761906,update,inconclusive,1.0
d12-s11,12,11,5,0.001984126984126984,random,inconclusive,1.0
d12-s11,12,11,5,0.001984126984126984,gradient,inconclusive,1.0
d12-s11,12,11,5,0.001984126984126984,update,inconclusive,1.0
d12-s11,12,11,9,0.0035714285714285713,random,inconclusive,1.0
d12-s11,12,11,9,0.0035714285714285713,gradient,passed,0.0
d12-s11,12,11,9,0.0035714285714285713,update,inconclusive,1.0
d12-s11,12,11,17,0.006746031746031746,random,inconclusive,1.0
d12-s11,12,11,17,0.006746031746031746,gradient,passed,0.0
d12-s11,12,11,17,0.006746031746031746,update,inconclusive,1.0
d12-s11,12,11,33,0.013095238095238096,random,inconclusive,1.0
d12-s11,12,11,33,0.013095238095238096,gradient,passed,0.0
d12-s11,12,11,33,0.013095238095238096,update,inconclusive,1.0
d12-s11,12,11,41,0.01626984126984127,random,inconclusive,1.0
d12-s11,12,11,41,0.01626984126984127,gradient,passed,0.0
d12-s11,12,11,41,0.01626984126984127,update,inconclusive,1.0
d12-s11,12,11,65,0.025793650793650792,random,inconclusive,1.0
d12-s11,12,11,65,0.025793650793650792,gradient,passed,0.0
d12-s11,12,11,65,0.025793650793650792,update,inconclusive,1.0
d12-s11,12,11,127,0.0503968253968254,random,inconclusive,1.0
d12-s11,12,11,127,0.0503968253968254,gradient,passed,0.0
d12-s11,12,11,127,0.0503968253968254,update,inconclusive,1.0
d12-s11,12,11,253,0.1003968253968254,random,inconclusive,1.0
d12-s11,12,11,253,0.1003968253968254,gradient,passed,0.0
d12-s11,12,11,253,0.1003968253968254,update,inconclusive,1.0
d12-s11,12,11,379,0.1503968253968254,random,inconclusive,1.0
d12-s11,12,11,379,0.1503968253968254,gradient,passed,0.0
d12-s11,12,11,379,0.1503968253968254,update,inconclusive,1.0
d12-s11,12,11,401,0.15912698412698412,random,inconclusive,1.0
d12-s11,12,11,401,0.15912698412698412,gradient,passed,0.0
d12-s11,12,11,401,0.15912698412698412,update,inconclusive,1.0
d12-s11,12,11,505,0.2003968253968254,random,inconclusive,1.0
d12-s11,12,11,505,0.2003968253968254,gradient,passed,0.0
d12-s11,12,11,505,0.2003968253968254,update,inconclusive,1.0
d12-s11,12,11,631,0.2503968253968254,random,inconclusive,1.0
d12-s11,12,11,631,0.2503968253968254,gradient,passed,0.0
d12-s11,12,11,631,0.2503968253968254,update,inconclusive,1.0
d12-s11,12,11,757,0.3003968253968254,random,inconclusive,1.0
d12-s11,12,11,757,0.3003968253968254,gradient,passed,0.0
d12-s11,12,11,757,0.3003968253968254,update,inconclusive,1.0
d12-s11,12,11,883,0.3503968253968254,random,inconclusive,1.0
d12-s11,12,11,883,0.3503968253968254,gradient,passed,0.0
d12-s11,12,11,883,0.3503968253968254,update,inconclusive,1.0
d12-s11,12,11,1009,0.4003968253968254,random,failed,2.0
d12-s11,12,11,1009,0.4003968253968254,gradient,passed,0.0
d12-s11,12,11,1009,0.4003968253968254,update,inconclusive,1.0
d12-s11,12,11,1135,0.4503968253968254,random,inconclusive,1.0
d12-s11,12,11,1135,0.4503968253968254,gradient,passed,0.0
d12-s11,12,11,1135,0.4503968253968254,update,inconclusive,1.0
d12-s11,12,11,1261,0.5003968253968254,random,inconclusive,1.0
d12-s11,12,11,1261,0.5003968253968254,gradient,passed,0.0
d12-s11,12,11,1261,0.5003968253968254,update,inconclusive,1.0
d12-s11,12,11,1386,0.55,random,inconclusive,1.0
d12-s11,12,11,1386,0.55,gradient,passed,0.0
d12-s11,12,11,1386,0.55,update,inconclusive,1.0
d12-s11,12,11,1512,0.6,random,inconclusive,1.0
d12-s11,12,11,1512,0.6,gradient,passed,0.0
d12-s11,12,11,1512,0.6,update,inconclusive,1.0
d12-s11,12,11,1638,0.65,random,inconclusive,1.0
d12-s11,12,11,1638,0.65,gradient,passed,0.0
d12-s11,12,11,1638,0.65,update,inconclusive,1.0
d12-s11,12,11,1764,0.7,random,inconclusive,1.0
d12-s11,12,11,1764,0.7,gradient,passed,0.0
d12-s11,12,11,1764,0.7,update,inconclusive,1.0
d12-s11,12,11,1890,0.75,random,failed,2.0
d12-s11,12,11,1890,0.75,gradient,passed,0.0
d12-s11,12,11,1890,0.75,update,inconclusive,1.0
d12-s11,12,11,2016,0.8,random,inconclusive,1.0
d12-s11,12,11,2016,0.8,gradient,passed,0.0
d12-s11,12,11,2016,0.8,update,inconclusive,1.0
d12-s11,12,11,2142,0.85,random,inconclusive,1.0
d12-s11,12,11,2142,0.85,gradient,passed,0.0
d12-s11,12,11,2142,0.85,update,inconclusive,1.0
d12-s11,12,11,2268,0.9,random,inconclusive,1.0
d12-s11,12,11,2268,0.9,gradient,passed,0.0
d12-s11,12,11,2268,0.9,update,inconclusive,1.0
d12-s11,12,11,2394,0.95,random,inconclusive,1.0
d12-s11,12,11,2394,0.95,gradient,passed,0.0
d12-s11,12,11,2394,0.95,update,inconclusive,1.0
d12-s11,12,11,2520,1.0,random,inconclusive,1.0
d12-s11,12,11,2520,1.0,gradient,passed,0.0
d12-s11,12,11,2520,1.0,update,inconclusive,1.0
d12-s7,12,7,1,0.0003968253968253968,random,inconclusive,1.0
d12-s7,12,7,1,0.0003968253968253968,gradient,inconclusive,1.0
d12-s7,12,7,1,0.0003968253968253968,update,inconclusive,1.0
d12-s7,12,7,2,0.0007936507936507937,random,inconclusive,1.0
d12-s7,12,7,2,0.0007936507936507937,gradient,inconclusive,1.0
d12-s7,12,7,2,0.0007936507936507937,update,inconclusive,1.0
d12-s7,12,7,3,0.0011904761904761906,random,inconclusive,1.0
d12-s7,12,7,3,0.0011904761904761906,gradient,inconclusive,1.0
d12-s7,12,7,3,0.0011904761904761906,update,inconclusive,1.0
d12-s7,12,7,5,0.001984126984126984,random,inconclusive,1.0
d12-s7,12,7,5,0.001984126984126984,gradient,inconclusive,1.0
d12-s7,12,7,5,0.001984126984126984,update,inconclusive,1.0
d12-s7,12,7,9,0.0035714285714285713,random,inconclusive,1.0
d12-s7,12,7,9,0.0035714285714285713,gradient,passed,0.0
d12-s7,12,7,9,0.0035714285714285713,update,inconclusive,1.0
d12-s7,12,7,17,0.006746031746031746,random,inconclusive,1.0
d12-s7,12,7,17,0.006746031746031746,gradient,passed,0.0
d12-s7,12,7,17,0.006746031746031746,update,inconclusive,1.0
d12-s7,12,7,33,0.013095238095238096,random,inconclusive,1.0
d12-s7,12,7,33,0.013095238095238096,gradient,passed,0.0
d12-s7,12,7,33,0.013095238095238096,update,inconclusive,1.0
d12-s7,12,7,41,0.01626984126984127,random,inconclusive,1.0
d12-s7,12,7,41,0.01626984126984127,gradient,passed,0.0
d12-s7,12,7,41,0.01626984126984127,update,inconclusive,1.0
d12-s7,12,7,65,0.025793650793650792,random,inconclusive,1.0
d12-s7,12,7,65,0.025793650793650792,gradient,passed,0.0
d12-s7,12,7,65,0.025793650793650792,update,inconclusive,1.0
d12-s7,12,7,127,0.0503968253968254,random,inconclusive,1.0
d12-s7,12,7,127,0.0503968253968254,gradient,passed,0.0
d12-s7,12,7,127,0.0503968253968254,update,inconclusive,1.0
d12-s7,12,7,253,0.1003968253968254,random,inconclusive,1.0
d12-s7,12,7,253,0.1003968253968254,gradient,passed,0.0
d12-s7,12,7,253,0.1003968253968254,update,inconclusive,1.0
d12-s7,12,7,379,0.1503968253968254,random,inconclusive,1.0
d12-s7,12,7,379,0.1503968253968254,gradient,passed,0.0
d12-s7,12,7,379,0.1503968253968254,update,inconclusive,1.0
d12-s7,12,7,401,0.15912698412698412,random,inconclusive,1.0
d12-s7,12,7,401,0.15912698412698412,gradient,passed,0.0
d12-s7,12,7,401,0.15912698412698412,update,inconclusive,1.0
d12-s7,12,7,505,0.2003968253968254,random,inconclusive,1.0
d12-s7,12,7,505,0.2003968253968254,gradient,passed,0.0
d12-s7,12,7,505,0.2003968253968254,update,inconclusive,1.0
d12-s7,12,7,631,0.2503968253968254,random,inconclusive,1.0
d12-s7,12,7,631,0.2503968253968254,gradient,passed,0.0
d12-s7,12,7,631,0.2503968253968254,update,inconclusive,1.0
d12-s7,12,7,757,0.3003968253968254,random,inconclusive,1.0
d12-s7,12,7,757,0.3003968253968254,gradient,passed,0.0
d12-s7,12,7,757,0.3003968253968254,update,inconclusive,1.0
d12-s7,12,7,883,0.3503968253968254,random,inconclusive,1.0
d12-s7,12,7,883,0.3503968253968254,gradient,passed,0.0
d12-s7,12,7,883,0.3503968253968254,update,inconclusive,1.0
d12-s7,12,7,1009,0.4003968253968254,random,inconclusive,1.0
d12-s7,12,7,1009,0.4003968253968254,gradient,passed,0.0
d12-s7,12,7,1009,0.4003968253968254,update,inconclusive,1.0
d12-s7,12,7,1135,0.4503968253968254,random,inconclusive,1.0
d12-s7,12,7,1135,0.4503968253968254,gradient,passed,0.0
d12-s7,12,7,1135,0.4503968253968254,update,inconclusive,1.0
d12-s7,12,7,1261,0.5003968253968254,random,inconclusive,1.0
d12-s7,12,7,1261,0.5003968253968254,gradient,passed,0.0
d12-s7,12,7,1261,0.5003968253968254,update,inconclusive,1.0
d12-s7,12,7,1386,0.55,random,inconclusive,1.0
d12-s7,12,7,1386,0.55,gradient,passed,0.0
d12-s7,12,7,1386,0.55,update,inconclusive,1.0
d12-s7,12,7,1512,0.6,random,inconclusive,1.0
d12-s7,12,7,1512,0.6,gradient,passed,0.0
d12-s7,12,7,1512,0.6,update,inconclusive,1.0
d12-s7,12,7,1638,0.65,random,inconclusive,1.0
d12-s7,12,7,1638,0.65,gradient,passed,0.0
d12-s7,12,7,1638,0.65,update,inconclusive,1.0
d12-s7,12,7,1764,0.7,random,inconclusive,1.0
d12-s7,12,7,1764,0.7,gradient,passed,0.0
d12-s7,12,7,1764,0.7,update,inconclusive,1.0
d12-s7,12,7,1890,0.75,random,inconclusive,1.0
d12-s7,12,7,1890,0.75,gradient,passed,0.0
d12-s7,12,7,1890,0.75,update,inconclusive,1.0
d12-s7,12,7,2016,0.8,random,inconclusive,1.0
d12-s7,12,7,2016,0.8,gradient,passed,0.0
d12-s7,12,7,2016,0.8,update,inconclusive,1.0
d12-s7,12,7,2142,0.85,random,inconclusive,1.0
d12-s7,12,7,2142,0.85,gradient,passed,0.0
d12-s7,12,7,2142,0.85,update,inconclusive,1.0
d12-s7,12,7,2268,0.9,random,inconclusive,1.0
d12-s7,12,7,2268,0.9,gradient,passed,0.0
d12-s7,12,7,2268,0.9,update,inconclusive,1.0
d12-s7,12,7,2394,0.95,random,inconclusive,1.0
d12-s7,12,7,2394,0.95,gradient,passed,0.0
d12-s7,12,7,2394,0.95,update,inconclusive,1.0
d12-s7,12,7,2520,1.0,random,inconclusive,1.0
d12-s7,12,7,2520,1.0,gradient,passed,0.0
d12-s7,12,7,2520,1.0,update,inconclusive,1.0
d12-s8,12,8,1,0.0003968253968253968,random,inconclusive,1.0
d12-s8,12,8,1,0.0003968253968253968,gradient,inconclusive,1.0
d12-s8,12,8,1,0.0003968253968253968,update,inconclusive,1.0
d12-s8,12,8,2,0.0007936507936507937,random,inconclusive,1.0
d12-s8,12,8,2,0.0007936507936507937,gradient,inconclusive,1.0
d12-s8,12,8,2,0.0007936507936507937,update,inconclusive,1.0
d12-s8,12,8,3,0.0011904761904761906,random,inconclusive,1.0
d12-s8,12,8,3,0.0011904761904761906,gradient,inconclusive,1.0
d12-s8,12,8,3,0.0011904761904761906,update,inconclusive,1.0
d12-s8,12,8,5,0.001984126984126984,random,inconclusive,1.0
d12-s8,12,8,5,0.001984126984126984,gradient,inconclusive,1.0
d12-s8,12,8,5,0.001984126984126984,update,inconclusive,1.0
d12-s8,12,8,9,0.0035714285714285713,random,inconclusive,1.0
d12-s8,12,8,9,0.0035714285714285713,gradient,passed,0.0
d12-s8,12,8,9,0.0035714285714285713,update,inconclusive,1.0
d12-s8,12,8,17,0.006746031746031746,random,inconclusive,1.0
d12-s8,12,8,17,0.006746031746031746,gradient,passed,0.0
d12-s8,12,8,17,0.006746031746031746,update,inconclusive,1.0
d12-s8,12,8,33,0.013095238095238096,random,inconclusive,1.0
d12-s8,12,8,33,0.013095238095238096,gradient,passed,0.0
d12-s8,12,8,33,0.013095238095238096,update,inconclusive,1.0
d12-s8,12,8,41,0.01626984126984127,random,inconclusive,1.0
d12-s8,12,8,41,0.01626984126984127,gradient,passed,0.0
d12-s8,12,8,41,0.01626984126984127,update,inconclusive,1.0
d12-s8,12,8,65,0.025793650793650792,random,inconclusive,1.0
d12-s8,12,8,65,0.025793650793650792,gradient,passed,0.0
d12-s8,12,8,65,0.025793650793650792,update,inconclusive,1.0
d12-s8,12,8,127,0.0503968253968254,random,inconclusive,1.0
d12-s8,12,8,127,0.0503968253968254,gradient,passed,0.0
d12-s8,12,8,127,0.0503968253968254,update,inconclusive,1.0
d12-s8,12,8,253,0.1003968253968254,random,inconclusive,1.0
d12-s8,12,8,253,0.1003968253968254,gradient,passed,0.0
d12-s8,12,8,253,0.1003968253968254,update,inconclusive,1.0
d12-s8,12,8,379,0.1503968253968254,random,inconclusive,1.0
d12-s8,12,8,379,0.1503968253968254,gradient,passed,0.0
d12-s8,12,8,379,0.1503968253968254,update,inconclusive,1.0
d12-s8,12,8,401,0.15912698412698412,random,inconclusive,1.0
d12-s8,12,8,401,0.15912698412698412,gradient,passed,0.0
d12-s8,12,8,401,0.15912698412698412,update,inconclusive,1.0
d12-s8,12,8,505,0.2003968253968254,random,inconclusive,1.0
d12-s8,12,8,505,0.2003968253968254,gradient,passed,0.0
d12-s8,12,8,505,0.2003968253968254,update,inconclusive,1.0
d12-s8,12,8,631,0.2503968253968254,random,inconclusive,1.0
d12-s8,12,8,631,0.2503968253968254,gradient,passed,0.0
d12-s8,12,8,631,0.2503968253968254,update,inconclusive,1.0
d12-s8,12,8,757,0.3003968253968254,random,inconclusive,1.0
d12-s8,12,8,757,0.3003968253968254,gradient,passed,0.0
d12-s8,12,8,757,0.3003968253968254,update,inconclusive,1.0
d12-s8,12,8,883,0.3503968253968254,random,inconclusive,1.0
d12-s8,12,8,883,0.3503968253968254,gradient,passed,0.0
d12-s8,12,8,883,0.3503968253968254,update,inconclusive,1.0
d12-s8,12,8,1009,0.4003968253968254,random,inconclusive,1.0
d12-s8,12,8,1009,0.4003968253968254,gradient,passed,0.0
d12-s8,12,8,1009,0.4003968253968254,update,inconclusive,1.0
d12-s8,12,8,1135,0.4503968253968254,random,inconclusive,1.0
d12-s8,12,8,1135,0.4503968253968254,gradient,passed,0.0
d12-s8,12,8,1135,0.4503968253968254,update,inconclusive,1.0
d12-s8,12,8,1261,0.5003968253968254,random,inconclusive,1.0
d12-s8,12,8,1261,0.5003968253968254,gradient,passed,0.0
d12-s8,12,8,1261,0.5003968253968254,update,inconclusive,1.0
d12-s8,12,8,1386,0.55,random,inconclusive,1.0
d12-s8,12,8,1386,0.55,gradient,passed,0.0
d12-s8,12,8,1386,0.55,update,inconclusive,1.0
d12-s8,12,8,1512,0.6,random,inconclusive,1.0
d12-s8,12,8,1512,0.6,gradient,passed,0.0
d12-s8,12,8,1512,0.6,update,inconclusive,1.0
d12-s8,12,8,1638,0.65,random,inconclusive,1.0
d12-s8,12,8,1638,0.65,gradient,passed,0.0
d12-s8,12,8,1638,0.65,update,inconclusive,1.0
d12-s8,12,8,1764,0.7,random,inconclusive,1.0
d12-s8,12,8,1764,0.7,gradient,passed,0.0
d12-s8,12,8,1764,0.7,update,inconclusive,1.0
d12-s8,12,8,1890,0.75,random,inconclusive,1.0
d12-s8,12,8,1890,0.75,gradient,passed,0.0
d12-s8,12,8,1890,0.75,update,inconclusive,1.0
d12-s8,12,8,2016,0.8,random,inconclusive,1.0
d12-s8,12,8,2016,0.8,gradient,passed,0.0
d12-s8,12,8,2016,0.8,update,inconclusive,1.0
d12-s8,12,8,2142,0.85,random,inconclusive,1.0
d12-s8,12,8,2142,0.85,gradient,passed,0.0
d12-s8,12,8,2142,0.85,update,inconclusive,1.0
d12-s8,12,8,2268,0.9,random,inconclusive,1.0
d12-s8,12,8,2268,0.9,gradient,passed,0.0
d12-s8,12,8,2268,0.9,update,inconclusive,1.0
d12-s8,12,8,2394,0.95,random,inconclusive,1.0
d12-s8,12,8,2394,0.95,gradient,passed,0.0
d12-s8,12,8,2394,0.95,update,inconclusive,1.0
d12-s8,12,8,2520,1.0,random,inconclusive,1.0
d12-s8,12,8,2520,1.0,gradient,passed,0.0
d12-s8,12,8,2520,1.0,update,inconclusive,1.0
d12-s9,12,9,1,0.0003968253968253968,random,inconclusive,1.0
d12-s9,12,9,1,0.0003968253968253968,gradient,inconclusive,1.0
d12-s9,12,9,1,0.0003968253968253968,update,inconclusive,1.0
d12-s9,12,9,2,0.0007936507936507937,random,inconclusive,1.0
d12-s9,12,9,2,0.0007936507936507937,gradient,inconclusive,1.0
d12-s9,12,9,2,0.0007936507936507937,update,inconclusive,1.0
d12-s9,12,9,3,0.0011904761904761906,random,inconclusive,1.0
d12-s9,12,9,3,0.0011904761904761906,gradient,inconclusive,1.0
d12-s9,12,9,3,0.0011904761904761906,update,inconclusive,1.0
d12-s9,12,9,5,0.001984126984126984,random,inconclusive,1.0
d12-s9,12,9,5,0.001984126984126984,gradient,inconclusive,1.0
d12-s9,12,9,5,0.001984126984126984,update,inconclusive,1.0
d12-s9,12,9,9,0.0035714285714285713,random,inconclusive,1.0
d12-s9,12,9,9,0.0035714285714285713,gradient,inconclusive,1.0
d12-s9,12,9,9,0.0035714285714285713,update,inconclusive,1.0
d12-s9,12,9,17,0.006746031746031746,random,inconclusive,1.0
d12-s9,12,9,17,0.006746031746031746,gradient,passed,0.0
d12-s9,12,9,17,0.006746031746031746,update,inconclusive,1.0
d12-s9,12,9,33,0.013095238095238096,random,inconclusive,1.0
d12-s9,12,9,33,0.013095238095238096,gradient,passed,0.0
d12-s9,12,9,33,0.013095238095238096,update,inconclusive,1.0
d12-s9,12,9,41,0.01626984126984127,random,inconclusive,1.0
d12-s9,12,9,41,0.01626984126984127,gradient,passed,0.0
d12-s9,12,9,41,0.01626984126984127,update,inconclusive,1.0
d12-s9,12,9,65,0.025793650793650792,random,inconclusive,1.0
d12-s9,12,9,65,0.025793650793650792,gradient,passed,0.0
d12-s9,12,9,65,0.025793650793650792,update,inconclusive,1.0
d12-s9,12,9,127,0.0503968253968254,random,inconclusive,1.0
d12-s9,12,9,127,0.0503968253968254,gradient,passed,0.0
d12-s9,12,9,127,0.0503968253968254,update,inconclusive,1.0
d12-s9,12,9,253,0.1003968253968254,random,inconclusive,1.0
d12-s9,12,9,253,0.1003968253968254,gradient,passed,0.0
d12-s9,12,9,253,0.1003968253968254,update,inconclusive,1.0
d12-s9,12,9,379,0.1503968253968254,random,inconclusive,1.0
d12-s9,12,9,379,0.1503968253968254,gradient,passed,0.0
d12-s9,12,9,379,0.1503968253968254,update,inconclusive,1.0
d12-s9,12,9,401,0.15912698412698412,random,inconclusive,1.0
d12-s9,12,9,401,0.15912698412698412,gradient,passed,0.0
d12-s9,12,9,401,0.15912698412698412,update,inconclusive,1.0
d12-s9,12,9,505,0.2003968253968254,random,inconclusive,1.0
d12-s9,12,9,505,0.2003968253968254,gradient,passed,0.0
d12-s9,12,9,505,0.2003968253968254,update,inconclusive,1.0
d12-s9,12,9,631,0.2503968253968254,random,inconclusive,1.0
d12-s9,12,9,631,0.2503968253968254,gradient,passed,0.0
d12-s9,12,9,631,0.2503968253968254,update,inconclusive,1.0
d12-s9,12,9,757,0.3003968253968254,random,inconclusive,1.0
d12-s9,12,9,757,0.3003968253968254,gradient,passed,0.0
d12-s9,12,9,757,0.3003968253968254,update,inconclusive,1.0
d12-s9,12,9,883,0.3503968253968254,random,inconclusive,1.0
d12-s9,12,9,883,0.3503968253968254,gradient,passed,0.0
d12-s9,12,9,883,0.3503968253968254,update,inconclusive,1.0
d12-s9,12,9,1009,0.4003968253968254,random,inconclusive,1.0
d12-s9,12,9,1009,0.4003968253968254,gradient,passed,0.0
d12-s9,12,9,1009,0.4003968253968254,update,inconclusive,1.0
d12-s9,12,9,1135,0.4503968253968254,random,inconclusive,1.0
d12-s9,12,9,1135,0.4503968253968254,gradient,passed,0.0
d12-s9,12,9,1135,0.4503968253968254,update,inconclusive,1.0
d12-s9,12,9,1261,0.5003968253968254,random,inconclusive,1.0
d12-s9,12,9,1261,0.5003968253968254,gradient,passed,0.0
d12-s9,12,9,1261,0.5003968253968254,update,inconclusive,1.0
d12-s9,12,9,1386,0.55,random,inconclusive,1.0
d12-s9,12,9,1386,0.55,gradient,passed,0.0
d12-s9,12,9,1386,0.55,update,inconclusive,1.0
d12-s9,12,9,1512,0.6,random,inconclusive,1.0
d12-s9,12,9,1512,0.6,gradient,passed,0.0
d12-s9,12,9,1512,0.6,update,inconclusive,1.0
d12-s9,12,9,1638,0.65,random,inconclusive,1.0
d12-s9,12,9,1638,0.65,gradient,passed,0.0
d12-s9,12,9,1638,0.65,update,inconclusive,1.0
d12-s9,12,9,1764,0.7,random,inconclusive,1.0
d12-s9,12,9,1764,0.7,gradient,passed,0.0
d12-s9,12,9,1764,0.7,update,inconclusive,1.0
d12-s9,12,9,1890,0.75,random,inconclusive,1.0
d12-s9,12,9,1890,0.75,gradient,passed,0.0
d12-s9,12,9,1890,0.75,update,inconclusive,1.0
d12-s9,12,9,2016,0.8,random,inconclusive,1.0
d12-s9,12,9,2016,0.8,gradient,passed,0.0
d12-s9,12,9,2016,0.8,update,inconclusive,1.0
d12-s9,12,9,2142,0.85,random,inconclusive,1.0
d12-s9,12,9,2142,0.85,gradient,passed,0.0
d12-s9,12,9,2142,0.85,update,inconclusive,1.0
d12-s9,12,9,2268,0.9,random,inconclusive,1.0
d12-s9,12,9,2268,0.9,gradient,passed,0.0
d12-s9,12,9,2268,0.9,update,inconclusive,1.0
d12-s9,12,9,2394,0.95,random,inconclusive,1.0
d12-s9,12,9,2394,0.95,gradient,passed,0.0
d12-s9,12,9,2394,0.95,update,inconclusive,1.0
d12-s9,12,9,2520,1.0,random,inconclusive,1.0
d12-s9,12,9,2520,1.0,gradient,passed,0.0
d12-s9,12,9,2520,1.0,update,inconclusive,1.0
d14-s7,14,7,1,0.00026602819898909286,random,inconclusive,1.0
d14-s7,14,7,1,0.00026602819898909286,gradient,inconclusive,1.0
d14-s7,14,7,1,0.00026602819898909286,update,inconclusive,1.0
d14-s7,14,7,2,0.0005320563979781857,random,inconclusive,1.0
d14-s7,14,7,2,0.0005320563979781857,gradient,inconclusive,1.0
d14-s7,14,7,2,0.0005320563979781857,update,inconclusive,1.0
d14-s7,14,7,3,0.0007980845969672786,random,inconclusive,1.0
d14-s7,14,7,3,0.0007980845969672786,gradient,inconclusive,1.0
d14-s7,14,7,3,0.0007980845969672786,update,inconclusive,1.0
d14-s7,14,7,5,0.0013301409949454642,random,inconclusive,1.0
d14-s7,14,7,5,0.0013301409949454642,gradient,inconclusive,1.0
d14-s7,14,7,5,0.0013301409949454642,update,inconclusive,1.0
d14-s7,14,7,9,0.0023942537909018356,random,inconclusive,1.0
d14-s7,14,7,9,0.0023942537909018356,gradient,passed,0.0
d14-s7,14,7,9,0.0023942537909018356,update,inconclusive,1.0
d14-s7,14,7,17,0.004522479382814578,random,inconclusive,1.0
d14-s7,14,7,17,0.004522479382814578,gradient,passed,0.0
d14-s7,14,7,17,0.004522479382814578,update,inconclusive,1.0
d14-s7,14,7,33,0.008778930566640064,random,inconclusive,1.0
d14-s7,14,7,33,0.008778930566640064,gradient,passed,0.0
d14-s7,14,7,33,0.008778930566640064,update,inconclusive,1.0
d14-s7,14,7,41,0.010907156158552806,random,inconclusive,1.0
d14-s7,14,7,41,0.010907156158552806,gradient,passed,0.0
d14-s7,14,7,41,0.010907156158552806,update,inconclusive,1.0
d14-s7,14,7,65,0.017291832934291033,random,inconclusive,1.0
d14-s7,14,7,65,0.017291832934291033,gradient,passed,0.0
d14-s7,14,7,65,0.017291832934291033,update,inconclusive,1.0
d14-s7,14,7,129,0.034317637669592976,random,inconclusive,1.0
d14-s7,14,7,129,0.034317637669592976,gradient,passed,0.0
d14-s7,14,7,129,0.034317637669592976,update,inconclusive,1.0
d14-s7,14,7,189,0.05027932960893855,random,inconclusive,1.0
d14-s7,14,7,189,0.05027932960893855,gradient,passed,0.0
d14-s7,14,7,189,0.05027932960893855,update,inconclusive,1.0
d14-s7,14,7,377,0.100292631018888,random,inconclusive,1.0
d14-s7,14,7,377,0.100292631018888,gradient,passed,0.0
d14-s7,14,7,377,0.100292631018888,update,inconclusive,1.0
d14-s7,14,7,401,0.10667730779462622,random,inconclusive,1.0
d14-s7,14,7,401,0.10667730779462622,gradient,passed,0.0
d14-s7,14,7,401,0.10667730779462622,update,inconclusive,1.0
d14-s7,14,7,565,0.15030593242883747,random,inconclusive,1.0
d14-s7,14,7,565,0.15030593242883747,gradient,passed,0.0
d14-s7,14,7,565,0.15030593242883747,update,inconclusive,1.0
d14-s7,14,7,753,0.20031923383878691,random,inconclusive,1.0
d14-s7,14,7,753,0.20031923383878691,gradient,passed,0.0
d14-s7,14,7,753,0.20031923383878691,update,inconclusive,1.0
d14-s7,14,7,941,0.2503325352487364,random,inconclusive,1.0
d14-s7,14,7,941,0.2503325352487364,gradient,passed,0.0
d14-s7,14,7,941,0.2503325352487364,update,inconclusive,1.0
d14-s7,14,7,1128,0.30007980845969673,random,inconclusive,1.0
d14-s7,14,7,1128,0.30007980845969673,gradient,passed,0.0
d14-s7,14,7,1128,0.30007980845969673,update,inconclusive,1.0
d14-s7,14,7,1316,0.3500931098696462,random,inconclusive,1.0
d14-s7,14,7,1316,0.3500931098696462,gradient,passed,0.0
d14-s7,14,7,1316,0.3500931098696462,update,inconclusive,1.0
d14-s7,14,7,1317,0.3503591380686353,random,inconclusive,1.0
d14-s7,14,7,1317,0.3503591380686353,gradient,passed,0.0
d14-s7,14,7,1317,0.3503591380686353,update,inconclusive,1.0
d14-s7,14,7,1504,0.4001064112795956,random,inconclusive,1.0
d14-s7,14,7,1504,0.4001064112795956,gradient,passed,0.0
d14-s7,14,7,1504,0.4001064112795956,update,inconclusive,1.0
d14-s7,14,7,1692,0.4501197126895451,random,inconclusive,1.0
d14-s7,14,7,1692,0.4501197126895451,gradient,passed,0.0
d14-s7,14,7,1692,0.4501197126895451,update,inconclusive,1.0
d14-s7,14,7,1880,0.5001330140994945,random,failed,2.0
d14-s7,14,7,1880,0.5001330140994945,gradient,passed,0.0
d14-s7,14,7,1880,0.5001330140994945,update,inconclusive,1.0
d14-s7,14,7,2068,0.550146315509444,random,inconclusive,1.0
d14-s7,14,7,2068,0.550146315509444,gradient,passed,0.0
d14-s7,14,7,2068,0.550146315509444,update,inconclusive,1.0
d14-s7,14,7,2256,0.6001596169193935,random,inconclusive,1.0
d14-s7,14,7,2256,0.6001596169193935,gradient,passed,0.0
d14-s7,14,7,2256,0.6001596169193935,update,inconclusive,1.0
d14-s7,14,7,2444,0.6501729183293429,random,inconclusive,1.0
d14-s7,14,7,2444,0.6501729183293429,gradient,passed,0.0
d14-s7,14,7,2444,0.6501729183293429,update,inconclusive,1.0
d14-s7,14,7,2632,0.7001862197392924,random,inconclusive,1.0
d14-s7,14,7,2632,0.7001862197392924,gradient,passed,0.0
d14-s7,14,7,2632,0.7001862197392924,update,inconclusive,1.0
d14-s7,14,7,2820,0.7501995211492418,random,inconclusive,1.0
d14-s7,14,7,2820,0.7501995211492418,gradient,passed,0.0
d14-s7,14,7,2820,0.7501995211492418,update,inconclusive,1.0
d14-s7,14,7,3007,0.7999467943602022,random,failed,2.0
d14-s7,14,7,3007,0.7999467943602022,gradient,passed,0.0
d14-s7,14,7,3007,0.7999467943602022,update,inconclusive,1.0
d14-s7,14,7,3195,0.8499600957701516,random,inconclusive,1.0
d14-s7,14,7,3195,0.8499600957701516,gradient,passed,0.0
d14-s7,14,7,3195,0.8499600957701516,update,inconclusive,1.0
d14-s7,14,7,3383,0.899973397180101,random,inconclusive,1.0
d14-s7,14,7,3383,0.899973397180101,gradient,passed,0.0
d14-s7,14,7,3383,0.899973397180101,update,inconclusive,1.0
d14-s7,14,7,3571,0.9499866985900506,random,inconclusive,1.0
d14-s7,14,7,3571,0.9499866985900506,gradient,passed,0.0
d14-s7,14,7,3571,0.9499866985900506,update,inconclusive,1.0
d14-s7,14,7,3759,1.0,random,inconclusive,1.0
d14-s7,14,7,3759,1.0,gradient,passed,0.0
d14-s7,14,7,3759,1.0,update,inconclusive,1.0
d16-s7,16,7,1,0.00018601190476190475,random,inconclusive,1.0
d16-s7,16,7,1,0.00018601190476190475,gradient,inconclusive,1.0
d16-s7,16,7,1,0.00018601190476190475,update,inconclusive,1.0
d16-s7,16,7,2,0.0003720238095238095,random,inconclusive,1.0
d16-s7,16,7,2,0.0003720238095238095,gradient,failed,2.0
d16-s7,16,7,2,0.0003720238095238095,update,inconclusive,1.0
d16-s7,16,7,3,0.0005580357142857143,random,inconclusive,1.0
d16-s7,16,7,3,0.0005580357142857143,gradient,failed,2.0
d16-s7,16,7,3,0.0005580357142857143,update,inconclusive,1.0
d16-s7,16,7,5,0.0009300595238095238,random,inconclusive,1.0
d16-s7,16,7,5,0.0009300595238095238,gradient,inconclusive,1.0
d16-s7,16,7,5,0.0009300595238095238,update,inconclusive,1.0
d16-s7,16,7,9,0.0016741071428571428,random,inconclusive,1.0
d16-s7,16,7,9,0.0016741071428571428,gradient,passed,0.0
d16-s7,16,7,9,0.0016741071428571428,update,inconclusive,1.0
d16-s7,16,7,17,0.003162202380952381,random,inconclusive,1.0
d16-s7,16,7,17,0.003162202380952381,gradient,passed,0.0
d16-s7,16,7,17,0.003162202380952381,update,inconclusive,1.0
d16-s7,16,7,33,0.006138392857142857,random,inconclusive,1.0
d16-s7,16,7,33,0.006138392857142857,gradient,passed,0.0
d16-s7,16,7,33,0.006138392857142857,update,inconclusive,1.0
d16-s7,16,7,41,0.007626488095238095,random,inconclusive,1.0
d16-s7,16,7,41,0.007626488095238095,gradient,passed,0.0
d16-s7,16,7,41,0.007626488095238095,update,inconclusive,1.0
d16-s7,16,7,65,0.01209077380952381,random,inconclusive,1.0
d16-s7,16,7,65,0.01209077380952381,gradient,passed,0.0
d16-s7,16,7,65,0.01209077380952381,update,inconclusive,1.0
d16-s7,16,7,129,0.023995535714285716,random,inconclusive,1.0
d16-s7,16,7,129,0.023995535714285716,gradient,passed,0.0
d16-s7,16,7,129,0.023995535714285716,update,inconclusive,1.0
d16-s7,16,7,257,0.04780505952380952,random,inconclusive,1.0
d16-s7,16,7,257,0.04780505952380952,gradient,passed,0.0
d16-s7,16,7,257,0.04780505952380952,update,inconclusive,1.0
d16-s7,16,7,270,0.05022321428571429,random,inconclusive,1.0
d16-s7,16,7,270,0.05022321428571429,gradient,passed,0.0
d16-s7,16,7,270,0.05022321428571429,update,inconclusive,1.0
d16-s7,16,7,401,0.07459077380952381,random,inconclusive,1.0
d16-s7,16,7,401,0.07459077380952381,gradient,passed,0.0
d16-s7,16,7,401,0.07459077380952381,update,inconclusive,1.0
d16-s7,16,7,539,0.10026041666666667,random,inconclusive,1.0
d16-s7,16,7,539,0.10026041666666667,gradient,passed,0.0
d16-s7,16,7,539,0.10026041666666667,update,inconclusive,1.0
d16-s7,16,7,807,0.15011160714285715,random,inconclusive,1.0
d16-s7,16,7,807,0.15011160714285715,gradient,passed,0.0
d16-s7,16,7,807,0.15011160714285715,update,inconclusive,1.0
d16-s7,16,7,1076,0.20014880952380953,random,inconclusive,1.0
d16-s7,16,7,1076,0.20014880952380953,gradient,passed,0.0
d16-s7,16,7,1076,0.20014880952380953,update,inconclusive,1.0
d16-s7,16,7,1345,0.2501860119047619,random,inconclusive,1.0
d16-s7,16,7,1345,0.2501860119047619,gradient,passed,0.0
d16-s7,16,7,1345,0.2501860119047619,update,inconclusive,1.0
d16-s7,16,7,1614,0.3002232142857143,random,inconclusive,1.0
d16-s7,16,7,1614,0.3002232142857143,gradient,passed,0.0
d16-s7,16,7,1614,0.3002232142857143,update,inconclusive,1.0
d16-s7,16,7,1882,0.35007440476190477,random,inconclusive,1.0
d16-s7,16,7,1882,0.35007440476190477,gradient,passed,0.0
d16-s7,16,7,1882,0.35007440476190477,update,inconclusive,1.0
d16-s7,16,7,1883,0.3502604166666667,random,inconclusive,1.0
d16-s7,16,7,1883,0.3502604166666667,gradient,passed,0.0
d16-s7,16,7,1883,0.3502604166666667,update,inconclusive,1.0
d16-s7,16,7,2151,0.40011160714285715,random,inconclusive,1.0
d16-s7,16,7,2151,0.40011160714285715,gradient,passed,0.0
d16-s7,16,7,2151,0.40011160714285715,update,inconclusive,1.0
d16-s7,16,7,2420,0.45014880952380953,random,inconclusive,1.0
d16-s7,16,7,2420,0.45014880952380953,gradient,passed,0.0
d16-s7,16,7,2420,0.45014880952380953,update,inconclusive,1.0
d16-s7,16,7,2689,0.5001860119047619,random,inconclusive,1.0
d16-s7,16,7,2689,0.5001860119047619,gradient,passed,0.0
d16-s7,16,7,2689,0.5001860119047619,update,inconclusive,1.0
d16-s7,16,7,2957,0.5500372023809523,random,inconclusive,1.0
d16-s7,16,7,2957,0.5500372023809523,gradient,passed,0.0
d16-s7,16,7,2957,0.5500372023809523,update,inconclusive,1.0
d16-s7,16,7,3226,0.6000744047619048,random,inconclusive,1.0
d16-s7,16,7,3226,0.6000744047619048,gradient,passed,0.0
d16-s7,16,7,3226,0.6000744047619048,update,inconclusive,1.0
d16-s7,16,7,3495,0.6501116071428571,random,inconclusive,1.0
d16-s7,16,7,3495,0.6501116071428571,gradient,passed,0.0
d16-s7,16,7,3495,0.6501116071428571,update,inconclusive,1.0
d16-s7,16,7,3764,0.7001488095238095,random,inconclusive,1.0
d16-s7,16,7,3764,0.7001488095238095,gradient,passed,0.0
d16-s7,16,7,3764,0.7001488095238095,update,inconclusive,1.0
d16-s7,16,7,4032,0.75,random,inconclusive,1.0
d16-s7,16,7,4032,0.75,gradient,passed,0.0
d16-s7,16,7,4032,0.75,update,inconclusive,1.0
d16-s7,16,7,4301,0.8000372023809523,random,inconclusive,1.0
d16-s7,16,7,4301,0.8000372023809523,gradient,passed,0.0
d16-s7,16,7,4301,0.8000372023809523,update,inconclusive,1.0
d16-s7,16,7,4570,0.8500744047619048,random,inconclusive,1.0
d16-s7,16,7,4570,0.8500744047619048,gradient,passed,0.0
d16-s7,16,7,4570,0.8500744047619048,update,inconclusive,1.0
d16-s7,16,7,4839,0.9001116071428571,random,inconclusive,1.0
d16-s7,16,7,4839,0.9001116071428571,gradient,passed,0.0
d16-s7,16,7,4839,0.9001116071428571,update,inconclusive,1.0
d16-s7,16,7,5107,0.9499627976190477,random,inconclusive,1.0
d16-s7,16,7,5107,0.9499627976190477,gradient,passed,0.0
d16-s7,16,7,5107,0.9499627976190477,update,inconclusive,1.0
d16-s7,16,7,5376,1.0,random,inconclusive,1.0
d16-s7,16,7,5376,1.0,gradient,passed,0.0
d16-s7,16,7,5376,1.0,update,inconclusive,1.0
