run,depth,seed,step,normalized_progress,phase,layer_region,sq,layered_total_sq,share_within_layered
d12-s10,12,10,0,0.0,early,lower_third,7.300112054269457e-05,0.00012751927857284294,0.5724712479532582
d12-s10,12,10,0,0.0,early,middle_third,3.205000029963536e-05,0.00012751927857284294,0.25133454845674497
d12-s10,12,10,0,0.0,early,upper_third,2.2468157730513023e-05,0.00012751927857284294,0.17619420358999693
d12-s10,12,10,101,0.04007936507936508,early,lower_third,0.005287461607483834,0.008955673693960442,0.5904035573615876
d12-s10,12,10,101,0.04007936507936508,early,middle_third,0.0016516201978848954,0.008955673693960442,0.18442165875234162
d12-s10,12,10,101,0.04007936507936508,early,upper_third,0.0020165918885917122,0.008955673693960442,0.22517478388607085
d12-s10,12,10,202,0.08015873015873017,early,lower_third,0.018603618558529433,0.03885967335699281,0.47873841829866304
d12-s10,12,10,202,0.08015873015873017,early,middle_third,0.009141023842649254,0.03885967335699281,0.23523161810119345
d12-s10,12,10,202,0.08015873015873017,early,upper_third,0.01111503095581412,0.03885967335699281,0.28602996360014354
d12-s10,12,10,303,0.12023809523809524,early,lower_third,0.015511222450716122,0.04246201364520674,0.3652964407274897
d12-s10,12,10,303,0.12023809523809524,early,middle_third,0.012282282606371098,0.04246201364520674,0.28925341857303943
d12-s10,12,10,303,0.12023809523809524,early,upper_third,0.014668508588119522,0.04246201364520674,0.3454501406994709
d12-s10,12,10,404,0.16031746031746033,early,lower_third,0.008339814524536138,0.05347700511413045,0.15595141326140707
d12-s10,12,10,404,0.16031746031746033,early,middle_third,0.015070051365372095,0.05347700511413045,0.28180432567623487
d12-s10,12,10,404,0.16031746031746033,early,upper_third,0.030067139224222217,0.05347700511413045,0.562244261062358
d12-s10,12,10,505,0.2003968253968254,early,lower_third,0.005720573943161611,0.03601961284195365,0.15881830735555832
d12-s10,12,10,505,0.2003968253968254,early,middle_third,0.00910226626459476,0.03601961284195365,0.2527030566523176
d12-s10,12,10,505,0.2003968253968254,early,upper_third,0.02119677263419728,0.03601961284195365,0.588478635992124
d12-s10,12,10,606,0.24047619047619048,early,lower_third,0.005662727806003075,0.03293855136308199,0.17191793723964263
d12-s10,12,10,606,0.24047619047619048,early,middle_third,0.009158440488297614,0.03293855136308199,0.278046243969385
d12-s10,12,10,606,0.24047619047619048,early,upper_third,0.0181173830687813,0.03293855136308199,0.5500358187909723
d12-s10,12,10,707,0.28055555555555556,middle,lower_third,0.004674631784016725,0.04643866761926496,0.10066248718293257
d12-s10,12,10,707,0.28055555555555556,middle,middle_third,0.009328013445738748,0.04643866761926496,0.2008673789311958
d12-s10,12,10,707,0.28055555555555556,middle,upper_third,0.03243602238950949,0.04643866761926496,0.6984701338858716
d12-s10,12,10,808,0.32063492063492066,middle,lower_third,0.0062302650118724046,0.06058680784438053,0.10283203940823342
d12-s10,12,10,808,0.32063492063492066,middle,middle_third,0.0135546753474447,0.06058680784438053,0.2237232135130867
d12-s10,12,10,808,0.32063492063492066,middle,upper_third,0.040801867485063426,0.06058680784438053,0.6734447470786799
d12-s10,12,10,909,0.3607142857142857,middle,lower_third,0.005434000295645447,0.060548877872956375,0.08974568128326116
d12-s10,12,10,909,0.3607142857142857,middle,middle_third,0.009638463947784004,0.060548877872956375,0.15918484844603437
d12-s10,12,10,909,0.3607142857142857,middle,upper_third,0.045476413629526924,0.060548877872956375,0.7510694702707045
d12-s10,12,10,1010,0.4007936507936508,middle,lower_third,0.004330843635052872,0.069834895032594,0.062015467096092
d12-s10,12,10,1010,0.4007936507936508,middle,middle_third,0.011168795629664885,0.069834895032594,0.15993144436534312
d12-s10,12,10,1010,0.4007936507936508,middle,upper_third,0.05433525576787624,0.069834895032594,0.7780530885385648
d12-s10,12,10,1111,0.44087301587301586,middle,lower_third,0.0035879081483178865,0.055290879601993304,0.06489150062623598
d12-s10,12,10,1111,0.44087301587301586,middle,middle_third,0.00896537306032208,0.055290879601993304,0.16214922108055713
d12-s10,12,10,1111,0.44087301587301586,middle,upper_third,0.04273759839335334,0.055290879601993304,0.7729592782932069
d12-s10,12,10,1212,0.48095238095238096,middle,lower_third,0.004844021551841493,0.07951386312392295,0.06092046545760265
d12-s10,12,10,1212,0.48095238095238096,middle,middle_third,0.009473318010288168,0.07951386312392295,0.11914045724987517
d12-s10,12,10,1212,0.48095238095238096,middle,upper_third,0.06519652356179328,0.07951386312392295,0.8199390772925221
d12-s10,12,10,1313,0.5210317460317461,middle,lower_third,0.0032693610111702576,0.0626970744805919,0.052145351888504776
d12-s10,12,10,1313,0.5210317460317461,middle,middle_third,0.009128297414743969,0.0626970744805919,0.1455936738734064
d12-s10,12,10,1313,0.5210317460317461,middle,upper_third,0.050299416054677686,0.0626970744805919,0.802260974238089
d12-s10,12,10,1414,0.5611111111111111,middle,lower_third,0.003838309255618011,0.09052011339793653,0.042402833044898815
d12-s10,12,10,1414,0.5611111111111111,middle,middle_third,0.008095161175007526,0.09052011339793653,0.08942941928740514
d12-s10,12,10,1414,0.5611111111111111,middle,upper_third,0.078586642967311,0.09052011339793653,0.868167747667696
d12-s10,12,10,1515,0.6011904761904762,middle,lower_third,0.0032936822809119803,0.0647625601043833,0.05085781469421952
d12-s10,12,10,1515,0.6011904761904762,middle,middle_third,0.007881071856391308,0.0647625601043833,0.12169178988120169
d12-s10,12,10,1515,0.6011904761904762,middle,upper_third,0.053587805967080016,0.0647625601043833,0.8274503954245788
d12-s10,12,10,1616,0.6412698412698413,middle,lower_third,0.003888471247748271,0.06114483723700381,0.06359443288198066
d12-s10,12,10,1616,0.6412698412698413,middle,middle_third,0.009660367660064395,0.06114483723700381,0.15799155082578428
d12-s10,12,10,1616,0.6412698412698413,middle,upper_third,0.04759599832919115,0.06114483723700381,0.7784140162922351
d12-s10,12,10,1717,0.6813492063492064,middle,lower_third,0.0024353543753834472,0.039037908255979296,0.06238434599042413
d12-s10,12,10,1717,0.6813492063492064,middle,middle_third,0.005527963756630783,0.039037908255979296,0.1416050194181212
d12-s10,12,10,1717,0.6813492063492064,middle,upper_third,0.03107459012396507,0.039037908255979296,0.7960106345914547
d12-s10,12,10,1818,0.7214285714285714,middle,lower_third,0.002602108114740709,0.04022857637247323,0.06468307728933767
d12-s10,12,10,1818,0.7214285714285714,middle,middle_third,0.005055431107090058,0.04022857637247323,0.12566766122375841
d12-s10,12,10,1818,0.7214285714285714,middle,upper_third,0.03257103715064246,0.04022857637247323,0.8096492614869039
d12-s10,12,10,1919,0.7615079365079365,late,lower_third,0.0023742022980535182,0.02936432560496893,0.08085328878289526
d12-s10,12,10,1919,0.7615079365079365,late,middle_third,0.005417965064308028,0.02936432560496893,0.18450841123322848
d12-s10,12,10,1919,0.7615079365079365,late,upper_third,0.021572158242607383,0.02936432560496893,0.7346382999838763
d12-s10,12,10,2020,0.8015873015873016,late,lower_third,0.002018864715435331,0.02110618172454659,0.09565276854824868
d12-s10,12,10,2020,0.8015873015873016,late,middle_third,0.0033185343187867034,0.02110618172454659,0.1572304437674405
d12-s10,12,10,2020,0.8015873015873016,late,upper_third,0.015768782690324556,0.02110618172454659,0.7471167876843108
d12-s10,12,10,2121,0.8416666666666667,late,lower_third,0.0021594919710410387,0.01872013983274412,0.11535661540646122
d12-s10,12,10,2121,0.8416666666666667,late,middle_third,0.003652954600269709,0.01872013983274412,0.19513500609008191
d12-s10,12,10,2121,0.8416666666666667,late,upper_third,0.012907693261433373,0.01872013983274412,0.6895083785034569
d12-s10,12,10,2222,0.8817460317460317,late,lower_third,0.0016964551200704392,0.011951378651019695,0.14194639544164198
d12-s10,12,10,2222,0.8817460317460317,late,middle_third,0.0027661419488325123,0.011951378651019695,0.23144961176479034
d12-s10,12,10,2222,0.8817460317460317,late,upper_third,0.007488781582116744,0.011951378651019695,0.6266039927935677
d12-s10,12,10,2323,0.9218253968253968,late,lower_third,0.0014061470562696243,0.009961800471896431,0.14115390689028082
d12-s10,12,10,2323,0.9218253968253968,late,middle_third,0.0023560906580577523,0.009961800471896431,0.23651253251905602
d12-s10,12,10,2323,0.9218253968253968,late,upper_third,0.006199562757569055,0.009961800471896431,0.6223335605906631
d12-s10,12,10,2424,0.9619047619047619,late,lower_third,0.0013582875023332441,0.009703372308165203,0.1399809735415667
d12-s10,12,10,2424,0.9619047619047619,late,middle_third,0.00222570568980629,0.009703372308165203,0.22937445035819154
d12-s10,12,10,2424,0.9619047619047619,late,upper_third,0.00611937911602567,0.009703372308165203,0.6306445761002418
d12-s11,12,11,0,0.0,early,lower_third,7.468115628533413e-05,0.00013071104305653814,0.5713454237606483
d12-s11,12,11,0,0.0,early,middle_third,3.319975227131889e-05,0.00013071104305653814,0.25399347671763717
d12-s11,12,11,0,0.0,early,upper_third,2.283013449988511e-05,0.00013071104305653814,0.17466109952171444
d12-s11,12,11,101,0.04007936507936508,early,lower_third,0.004133875574142465,0.01088706943674067,0.37970508024793576
d12-s11,12,11,101,0.04007936507936508,early,middle_third,0.0018265745812686696,0.01088706943674067,0.16777467911654126
d12-s11,12,11,101,0.04007936507936508,early,upper_third,0.004926619281329536,0.01088706943674067,0.452520240635523
d12-s11,12,11,202,0.08015873015873017,early,lower_third,0.013151593999658928,0.051372643278327246,0.2560038409627101
d12-s11,12,11,202,0.08015873015873017,early,middle_third,0.013815008645234883,0.051372643278327246,0.2689176138044481
d12-s11,12,11,202,0.08015873015873017,early,upper_third,0.024406040633433435,0.051372643278327246,0.47507854523284176
d12-s11,12,11,303,0.12023809523809524,early,lower_third,0.01119864798550907,0.032055231587698074,0.34935476771931373
d12-s11,12,11,303,0.12023809523809524,early,middle_third,0.008194706295423515,0.032055231587698074,0.25564333463023303
d12-s11,12,11,303,0.12023809523809524,early,upper_third,0.01266187730676549,0.032055231587698074,0.39500189765045324
d12-s11,12,11,404,0.16031746031746033,early,lower_third,0.011261769216391215,0.06297466961598097,0.1788301436921447
d12-s11,12,11,404,0.16031746031746033,early,middle_third,0.01245458220462936,0.06297466961598097,0.1977712988504315
d12-s11,12,11,404,0.16031746031746033,early,upper_third,0.039258318194960395,0.06297466961598097,0.6233985574574238
d12-s11,12,11,505,0.2003968253968254,early,lower_third,0.006867147418041952,0.029603047612425826,0.23197433953251081
d12-s11,12,11,505,0.2003968253968254,early,middle_third,0.009488833709989208,0.029603047612425826,0.3205357041011645
d12-s11,12,11,505,0.2003968253968254,early,upper_third,0.013247066484394665,0.029603047612425826,0.4474899563663247
d12-s11,12,11,606,0.24047619047619048,early,lower_third,0.003747177242260591,0.042365883248461245,0.0884479905749797
d12-s11,12,11,606,0.24047619047619048,early,middle_third,0.00883198155408138,0.042365883248461245,0.20846919447624554
d12-s11,12,11,606,0.24047619047619048,early,upper_third,0.029786724452119273,0.042365883248461245,0.7030828149487748
d12-s11,12,11,707,0.28055555555555556,middle,lower_third,0.006891463503120365,0.09125765947198211,0.07551654889019128
d12-s11,12,11,707,0.28055555555555556,middle,middle_third,0.025364362202800805,0.09125765947198211,0.2779422828676442
d12-s11,12,11,707,0.28055555555555556,middle,upper_third,0.05900183376606094,0.09125765947198211,0.6465411682421645
d12-s11,12,11,808,0.32063492063492066,middle,lower_third,0.004393910369934417,0.04276921905050556,0.10273534255431953
d12-s11,12,11,808,0.32063492063492066,middle,middle_third,0.008075179638158403,0.04276921905050556,0.18880820874055562
d12-s11,12,11,808,0.32063492063492066,middle,upper_third,0.030300129042412745,0.04276921905050556,0.7084564487051249
d12-s11,12,11,909,0.3607142857142857,middle,lower_third,0.003324775721011086,0.06338144531290535,0.05245660941616482
d12-s11,12,11,909,0.3607142857142857,middle,middle_third,0.009803286696286051,0.06338144531290535,0.15467123931757304
d12-s11,12,11,909,0.3607142857142857,middle,upper_third,0.05025338289560821,0.06338144531290535,0.7928721512662621
d12-s11,12,11,1010,0.4007936507936508,middle,lower_third,0.0033399511499552226,0.07276195478725844,0.045902438433939534
d12-s11,12,11,1010,0.4007936507936508,middle,middle_third,0.009087391073695272,0.07276195478725844,0.12489206894269135
d12-s11,12,11,1010,0.4007936507936508,middle,upper_third,0.06033461256360794,0.07276195478725844,0.8292054926233691
d12-s11,12,11,1111,0.44087301587301586,middle,lower_third,0.002936532504305589,0.07490679966148228,0.039202482519294965
d12-s11,12,11,1111,0.44087301587301586,middle,middle_third,0.007673460148597044,0.07490679966148228,0.10244010134293327
d12-s11,12,11,1111,0.44087301587301586,middle,upper_third,0.06429680700857965,0.07490679966148228,0.8583574161377717
d12-s11,12,11,1212,0.48095238095238096,middle,lower_third,0.0031943191155858752,0.1054306904367308,0.030297810840030432
d12-s11,12,11,1212,0.48095238095238096,middle,middle_third,0.007692035759515824,0.1054306904367308,0.07295822238906642
d12-s11,12,11,1212,0.48095238095238096,middle,upper_third,0.0945443355616291,0.1054306904367308,0.8967439667709032
d12-s11,12,11,1313,0.5210317460317461,middle,lower_third,0.00268386276129684,0.0818126963456751,0.032804966480471195
d12-s11,12,11,1313,0.5210317460317461,middle,middle_third,0.007326027969204673,0.0818126963456751,0.08954634545047545
d12-s11,12,11,1313,0.5210317460317461,middle,upper_third,0.0718028056151736,0.0818126963456751,0.8776486880690535
d12-s11,12,11,1414,0.5611111111111111,middle,lower_third,0.0032914822642275965,0.06278613249289311,0.05242371417924437
d12-s11,12,11,1414,0.5611111111111111,middle,middle_third,0.0073285373569227374,0.06278613249289311,0.11672222935139809
d12-s11,12,11,1414,0.5611111111111111,middle,upper_third,0.05216611287174278,0.06278613249289311,0.8308540564693576
d12-s11,12,11,1515,0.6011904761904762,middle,lower_third,0.003492355132701519,0.07454164806125374,0.04685105875083036
d12-s11,12,11,1515,0.6011904761904762,middle,middle_third,0.0073843559799415814,0.07454164806125374,0.09906349231604823
d12-s11,12,11,1515,0.6011904761904762,middle,upper_third,0.06366493694861064,0.07454164806125374,0.8540854489331214
d12-s11,12,11,1616,0.6412698412698413,middle,lower_third,0.002342953948723192,0.0703945763292273,0.03328316002308853
d12-s11,12,11,1616,0.6412698412698413,middle,middle_third,0.005572527962812934,0.0703945763292273,0.07916132539459951
d12-s11,12,11,1616,0.6412698412698413,middle,upper_third,0.06247909441769117,0.0703945763292273,0.887555514582312
d12-s11,12,11,1717,0.6813492063492064,middle,lower_third,0.0023244227701564313,0.0523527539708093,0.04439924538549541
d12-s11,12,11,1717,0.6813492063492064,middle,middle_third,0.005351606681633925,0.0523527539708093,0.10222206619002046
d12-s11,12,11,1717,0.6813492063492064,middle,upper_third,0.04467672451901895,0.0523527539708093,0.8533786884244842
d12-s11,12,11,1818,0.7214285714285714,middle,lower_third,0.0027510331140603306,0.05028321288380733,0.05471076640264258
d12-s11,12,11,1818,0.7214285714285714,middle,middle_third,0.004833823455705932,0.05028321288380733,0.09613195296163277
d12-s11,12,11,1818,0.7214285714285714,middle,upper_third,0.042698356314041064,0.05028321288380733,0.8491572806357247
d12-s11,12,11,1919,0.7615079365079365,late,lower_third,0.0018544641898401437,0.03621055955296182,0.051213353583442735
d12-s11,12,11,1919,0.7615079365079365,late,middle_third,0.004169054421462981,0.03621055955296182,0.11513366468047236
d12-s11,12,11,1919,0.7615079365079365,late,upper_third,0.030187040941658697,0.03621055955296182,0.833652981736085
d12-s11,12,11,2020,0.8015873015873016,late,lower_third,0.0019752399385897235,0.027100980317456443,0.07288444607730371
d12-s11,12,11,2020,0.8015873015873016,late,middle_third,0.0036148767679833327,0.027100980317456443,0.13338546154564368
d12-s11,12,11,2020,0.8015873015873016,late,upper_third,0.021510863610883387,0.027100980317456443,0.7937300923770526
d12-s11,12,11,2121,0.8416666666666667,late,lower_third,0.0018604947279445838,0.022469501383948653,0.08280089068970839
d12-s11,12,11,2121,0.8416666666666667,late,middle_third,0.0035807008122157313,0.022469501383948653,0.15935826750359694
d12-s11,12,11,2121,0.8416666666666667,late,upper_third,0.01702830584378834,0.022469501383948653,0.7578408418066946
d12-s11,12,11,2222,0.8817460317460317,late,lower_third,0.0013379801444508566,0.012576682210803103,0.10638577981254548
d12-s11,12,11,2222,0.8817460317460317,late,middle_third,0.0021346282168153152,0.012576682210803103,0.16972904149408458
d12-s11,12,11,2222,0.8817460317460317,late,upper_third,0.009104073849536931,0.012576682210803103,0.72388517869337
d12-s11,12,11,2323,0.9218253968253968,late,lower_third,0.0013786239622226582,0.011150104820961904,0.12364224232501217
d12-s11,12,11,2323,0.9218253968253968,late,middle_third,0.002028354727753978,0.011150104820961904,0.18191351205422973
d12-s11,12,11,2323,0.9218253968253968,late,upper_third,0.007743126130985267,0.011150104820961904,0.6944442456207581
d12-s11,12,11,2424,0.9619047619047619,late,lower_third,0.001263469397622341,0.011112385097971522,0.11369920916914383
d12-s11,12,11,2424,0.9619047619047619,late,middle_third,0.002013187970064223,0.011112385097971522,0.18116614500983363
d12-s11,12,11,2424,0.9619047619047619,late,upper_third,0.00783572773028496,0.011112385097971522,0.7051346458210227
d12-s7,12,7,0,0.0,early,lower_third,7.29324129901841e-05,0.0001286597686800002,0.5668626155514085
d12-s7,12,7,0,0.0,early,middle_third,3.273204181334819e-05,0.0001286597686800002,0.25440774648646086
d12-s7,12,7,0,0.0,early,upper_third,2.2995313876467914e-05,0.0001286597686800002,0.17872963796213065
d12-s7,12,7,101,0.04007936507936508,early,lower_third,0.01095406776479635,0.028157686702243723,0.3890258415270841
d12-s7,12,7,101,0.04007936507936508,early,middle_third,0.007097154050800469,0.028157686702243723,0.25205032380145553
d12-s7,12,7,101,0.04007936507936508,early,upper_third,0.010106464886646904,0.028157686702243723,0.3589238346714604
d12-s7,12,7,202,0.08015873015873017,early,lower_third,0.013045455231434744,0.047520393670875904,0.27452329881328374
d12-s7,12,7,202,0.08015873015873017,early,middle_third,0.012276309222055914,0.047520393670875904,0.2583377003793587
d12-s7,12,7,202,0.08015873015873017,early,upper_third,0.022198629217385246,0.047520393670875904,0.46713900080735754
d12-s7,12,7,303,0.12023809523809524,early,lower_third,0.017643372728024076,0.04945995439868689,0.3567203597844904
d12-s7,12,7,303,0.12023809523809524,early,middle_third,0.014991137251648468,0.04945995439868689,0.3030964632682004
d12-s7,12,7,303,0.12023809523809524,early,upper_third,0.016825444419014346,0.04945995439868689,0.3401831769473092
d12-s7,12,7,404,0.16031746031746033,early,lower_third,0.010039687409364006,0.07181136026302504,0.1398063951524024
d12-s7,12,7,404,0.16031746031746033,early,middle_third,0.01709336292468322,0.07181136026302504,0.23803145995389846
d12-s7,12,7,404,0.16031746031746033,early,upper_third,0.04467830992897781,0.07181136026302504,0.6221621448936991
d12-s7,12,7,505,0.2003968253968254,early,lower_third,0.0077045679491405394,0.07358656311572886,0.10470074457783334
d12-s7,12,7,505,0.2003968253968254,early,middle_third,0.01860944568219125,0.07358656311572886,0.2528918989316617
d12-s7,12,7,505,0.2003968253968254,early,upper_third,0.047272549484397075,0.07358656311572886,0.642407356490505
d12-s7,12,7,606,0.24047619047619048,early,lower_third,0.00516536945785262,0.032696105300311196,0.15798118492735147
d12-s7,12,7,606,0.24047619047619048,early,middle_third,0.009924038429859117,0.032696105300311196,0.30352356461748553
d12-s7,12,7,606,0.24047619047619048,early,upper_third,0.01760669741259946,0.032696105300311196,0.538495250455163
d12-s7,12,7,707,0.28055555555555556,middle,lower_third,0.00743375404464075,0.07814421946729322,0.09512864925027631
d12-s7,12,7,707,0.28055555555555556,middle,middle_third,0.014193026357648186,0.07814421946729322,0.18162605570062146
d12-s7,12,7,707,0.28055555555555556,middle,upper_third,0.05651743906500428,0.07814421946729322,0.7232452950491022
d12-s7,12,7,808,0.32063492063492066,middle,lower_third,0.006210438097229876,0.07566410080039887,0.08207905772399184
d12-s7,12,7,808,0.32063492063492066,middle,middle_third,0.013828771776153381,0.07566410080039887,0.18276529595763705
d12-s7,12,7,808,0.32063492063492066,middle,upper_third,0.05562489092701561,0.07566410080039887,0.7351556463183712
d12-s7,12,7,909,0.3607142857142857,middle,lower_third,0.006841222716532869,0.09685384382120965,0.07063449881412694
d12-s7,12,7,909,0.3607142857142857,middle,middle_third,0.011599694572145935,0.09685384382120965,0.11976493770922247
d12-s7,12,7,909,0.3607142857142857,middle,upper_third,0.07841292653253085,0.09685384382120965,0.8096005634766505
d12-s7,12,7,1010,0.4007936507936508,middle,lower_third,0.004465375107737479,0.15081641907394872,0.0296080170524935
d12-s7,12,7,1010,0.4007936507936508,middle,middle_third,0.013215273434703967,0.15081641907394872,0.08762489864067266
d12-s7,12,7,1010,0.4007936507936508,middle,upper_third,0.13313577053150727,0.15081641907394872,0.8827670843068338
d12-s7,12,7,1111,0.44087301587301586,middle,lower_third,0.005190297711267,0.14252167059227536,0.03641760365071326
d12-s7,12,7,1111,0.44087301587301586,middle,middle_third,0.009194428694067724,0.14252167059227536,0.0645124959303281
d12-s7,12,7,1111,0.44087301587301586,middle,upper_third,0.12813694418694063,0.14252167059227536,0.8990699004189586
d12-s7,12,7,1212,0.48095238095238096,middle,lower_third,0.0038226220552486367,0.1374463871066034,0.02781173180116995
d12-s7,12,7,1212,0.48095238095238096,middle,middle_third,0.006435519990701799,0.1374463871066034,0.046822038222877484
d12-s7,12,7,1212,0.48095238095238096,middle,upper_third,0.12718824506065296,0.1374463871066034,0.9253662299759525
d12-s7,12,7,1313,0.5210317460317461,middle,lower_third,0.004407729651178194,0.14960324115527346,0.02946279517168618
d12-s7,12,7,1313,0.5210317460317461,middle,middle_third,0.007743153333374053,0.14960324115527346,0.05175792498597956
d12-s7,12,7,1313,0.5210317460317461,middle,upper_third,0.1374523581707212,0.14960324115527346,0.9187792798423343
d12-s7,12,7,1414,0.5611111111111111,middle,lower_third,0.004993323863241805,0.11959825667863112,0.04175080809630207
d12-s7,12,7,1414,0.5611111111111111,middle,middle_third,0.010361276801187813,0.11959825667863112,0.08663401197418193
d12-s7,12,7,1414,0.5611111111111111,middle,upper_third,0.1042436560142015,0.11959825667863112,0.871615179929516
d12-s7,12,7,1515,0.6011904761904762,middle,lower_third,0.004225230809653979,0.1234361098095871,0.03423010346139256
d12-s7,12,7,1515,0.6011904761904762,middle,middle_third,0.007722186473520409,0.1234361098095871,0.06256018992685915
d12-s7,12,7,1515,0.6011904761904762,middle,upper_third,0.1114886925264127,0.1234361098095871,0.9032097066117483
d12-s7,12,7,1616,0.6412698412698413,middle,lower_third,0.003706413239672468,0.07183172428372009,0.05159855588364998
d12-s7,12,7,1616,0.6412698412698413,middle,middle_third,0.006091085866346546,0.07183172428372009,0.08479659825912082
d12-s7,12,7,1616,0.6412698412698413,middle,upper_third,0.06203422517770107,0.07183172428372009,0.8636048458572291
d12-s7,12,7,1717,0.6813492063492064,middle,lower_third,0.00357318738518142,0.05845104081999253,0.06113128757083229
d12-s7,12,7,1717,0.6813492063492064,middle,middle_third,0.005025942737615807,0.05845104081999253,0.08598551312531529
d12-s7,12,7,1717,0.6813492063492064,middle,upper_third,0.0498519106971953,0.05845104081999253,0.8528831993038524
d12-s7,12,7,1818,0.7214285714285714,middle,lower_third,0.003756460102533943,0.077209212011911,0.04865300402177964
d12-s7,12,7,1818,0.7214285714285714,middle,middle_third,0.004962030145836849,0.077209212011911,0.06426733308806934
d12-s7,12,7,1818,0.7214285714285714,middle,upper_third,0.0684907217635402,0.077209212011911,0.8870796628901508
d12-s7,12,7,1919,0.7615079365079365,late,lower_third,0.002609988145923836,0.05072786408258789,0.05145077943109579
d12-s7,12,7,1919,0.7615079365079365,late,middle_third,0.003939294914672153,0.05072786408258789,0.07765544609287617
d12-s7,12,7,1919,0.7615079365079365,late,upper_third,0.0441785810219919,0.05072786408258789,0.870893774476028
d12-s7,12,7,2020,0.8015873015873016,late,lower_third,0.0029025111107232604,0.03938972403781004,0.07368701308841746
d12-s7,12,7,2020,0.8015873015873016,late,middle_third,0.0037004659044015398,0.03938972403781004,0.09394495632539789
d12-s7,12,7,2020,0.8015873015873016,late,upper_third,0.03278674702268524,0.03938972403781004,0.8323680305861847
d12-s7,12,7,2121,0.8416666666666667,late,lower_third,0.002580015045705597,0.02871665100261866,0.08984386951912764
d12-s7,12,7,2121,0.8416666666666667,late,middle_third,0.0030424658208465516,0.02871665100261866,0.1059477938624915
d12-s7,12,7,2121,0.8416666666666667,late,upper_third,0.023094170136066513,0.02871665100261866,0.8042083366183809
d12-s7,12,7,2222,0.8817460317460317,late,lower_third,0.0017215277530007178,0.015357022013267942,0.11210036369768675
d12-s7,12,7,2222,0.8817460317460317,late,middle_third,0.0019865905236038373,0.015357022013267942,0.12936040085685174
d12-s7,12,7,2222,0.8817460317460317,late,upper_third,0.011648903736663387,0.015357022013267942,0.7585392354454615
d12-s7,12,7,2323,0.9218253968253968,late,lower_third,0.0017400347930389692,0.01400818488240363,0.12421557879527366
d12-s7,12,7,2323,0.9218253968253968,late,middle_third,0.001961424299153691,0.01400818488240363,0.14001987521006615
d12-s7,12,7,2323,0.9218253968253968,late,upper_third,0.010306725790210969,0.01400818488240363,0.7357645459946602
d12-s7,12,7,2424,0.9619047619047619,late,lower_third,0.0015322373537092204,0.012240128398097738,0.12518147717693454
d12-s7,12,7,2424,0.9619047619047619,late,middle_third,0.001732061662795381,0.012240128398097738,0.14150682137162582
d12-s7,12,7,2424,0.9619047619047619,late,upper_third,0.008975829381593137,0.012240128398097738,0.7333117014514396
d12-s8,12,8,0,0.0,early,lower_third,6.880517230633157e-05,0.00012069173417143811,0.5700901787407943
d12-s8,12,8,0,0.0,early,middle_third,3.066335771757411e-05,0.00012069173417143811,0.25406344459362856
d12-s8,12,8,0,0.0,early,upper_third,2.1223204147532432e-05,0.00012069173417143811,0.1758463766655773
d12-s8,12,8,101,0.04007936507936508,early,lower_third,0.00904195337570357,0.018637755639849374,0.48514174938376037
d12-s8,12,8,101,0.04007936507936508,early,middle_third,0.004286061301911559,0.018637755639849374,0.22996660031036859
d12-s8,12,8,101,0.04007936507936508,early,upper_third,0.005309740962234244,0.018637755639849374,0.28489165030587105
d12-s8,12,8,202,0.08015873015873017,early,lower_third,0.021333601049754236,0.0831337482389305,0.2566178176934885
d12-s8,12,8,202,0.08015873015873017,early,middle_third,0.02174998775288728,0.0831337482389305,0.26162645392069583
d12-s8,12,8,202,0.08015873015873017,early,upper_third,0.04005015943628898,0.0831337482389305,0.48175572838581565
d12-s8,12,8,303,0.12023809523809524,early,lower_third,0.014649696192808648,0.06764714098077818,0.21656046331612647
d12-s8,12,8,303,0.12023809523809524,early,middle_third,0.018442928541830383,0.06764714098077818,0.27263426472185887
d12-s8,12,8,303,0.12023809523809524,early,upper_third,0.034554516246139144,0.06764714098077818,0.5108052719620146
d12-s8,12,8,404,0.16031746031746033,early,lower_third,0.006186743159904751,0.025728113393192586,0.24046625826601434
d12-s8,12,8,404,0.16031746031746033,early,middle_third,0.008413517051108599,0.025728113393192586,0.32701647892047675
d12-s8,12,8,404,0.16031746031746033,early,upper_third,0.011127853182179239,0.025728113393192586,0.432517262813509
d12-s8,12,8,505,0.2003968253968254,early,lower_third,0.007834997280076195,0.03669901870441272,0.21349337275696986
d12-s8,12,8,505,0.2003968253968254,early,middle_third,0.01133100396119957,0.03669901870441272,0.30875495752253235
d12-s8,12,8,505,0.2003968253968254,early,upper_third,0.017533017463136957,0.03669901870441272,0.47775166972049776
d12-s8,12,8,606,0.24047619047619048,early,lower_third,0.005268217286792165,0.0354482244817067,0.1486172400400721
d12-s8,12,8,606,0.24047619047619048,early,middle_third,0.010678817437275612,0.0354482244817067,0.3012511231073502
d12-s8,12,8,606,0.24047619047619048,early,upper_third,0.019501189757638926,0.0354482244817067,0.5501316368525777
d12-s8,12,8,707,0.28055555555555556,middle,lower_third,0.003988259744271971,0.04253041152530962,0.09377430410939191
d12-s8,12,8,707,0.28055555555555556,middle,middle_third,0.012119448903961827,0.04253041152530962,0.28495959642312907
d12-s8,12,8,707,0.28055555555555556,middle,upper_third,0.02642270287707582,0.04253041152530962,0.621266099467479
d12-s8,12,8,808,0.32063492063492066,middle,lower_third,0.005064680602128391,0.07010566105299709,0.07224353249161568
d12-s8,12,8,808,0.32063492063492066,middle,middle_third,0.0160911738765801,0.07010566105299709,0.2295274537731812
d12-s8,12,8,808,0.32063492063492066,middle,upper_third,0.0489498065742886,0.07010566105299709,0.6982290137352031
d12-s8,12,8,909,0.3607142857142857,middle,lower_third,0.0044339247275910765,0.07391625695766635,0.05998578540212735
d12-s8,12,8,909,0.3607142857142857,middle,middle_third,0.013613742358154823,0.07391625695766635,0.18417791861338093
d12-s8,12,8,909,0.3607142857142857,middle,upper_third,0.05586858987192045,0.07391625695766635,0.7558362959844918
d12-s8,12,8,1010,0.4007936507936508,middle,lower_third,0.003786260184768686,0.052332498841908937,0.07235007440035658
d12-s8,12,8,1010,0.4007936507936508,middle,middle_third,0.008026730563871709,0.052332498841908937,0.1533794628863344
d12-s8,12,8,1010,0.4007936507936508,middle,upper_third,0.04051950809326854,0.052332498841908937,0.774270462713309
d12-s8,12,8,1111,0.44087301587301586,middle,lower_third,0.0051614448012831105,0.07768061189298692,0.06644444058182156
d12-s8,12,8,1111,0.44087301587301586,middle,middle_third,0.009427694323326463,0.07768061189298692,0.12136483085784762
d12-s8,12,8,1111,0.44087301587301586,middle,upper_third,0.06309147276837734,0.07768061189298692,0.8121907285603308
d12-s8,12,8,1212,0.48095238095238096,middle,lower_third,0.003334549169012213,0.07338960240801384,0.04543626153570896
d12-s8,12,8,1212,0.48095238095238096,middle,middle_third,0.008987249546815512,0.07338960240801384,0.12245943910215464
d12-s8,12,8,1212,0.48095238095238096,middle,upper_third,0.06106780369218612,0.07338960240801384,0.8321042993621364
d12-s8,12,8,1313,0.5210317460317461,middle,lower_third,0.0030928515421022595,0.055948341183053245,0.055280486904571255
d12-s8,12,8,1313,0.5210317460317461,middle,middle_third,0.007222270674192011,0.055948341183053245,0.12908820031968413
d12-s8,12,8,1313,0.5210317460317461,middle,upper_third,0.045633218966758975,0.055948341183053245,0.8156313127757446
d12-s8,12,8,1414,0.5611111111111111,middle,lower_third,0.0025661745675127356,0.04673127030081181,0.05491343485837483
d12-s8,12,8,1414,0.5611111111111111,middle,middle_third,0.006774083607629322,0.04673127030081181,0.1449582595128308
d12-s8,12,8,1414,0.5611111111111111,middle,upper_third,0.037391012125669754,0.04673127030081181,0.8001283056287943
d12-s8,12,8,1515,0.6011904761904762,middle,lower_third,0.0034934056746331876,0.0793122637785828,0.04404622322199476
d12-s8,12,8,1515,0.6011904761904762,middle,middle_third,0.007407747408053389,0.0793122637785828,0.09339977268501255
d12-s8,12,8,1515,0.6011904761904762,middle,upper_third,0.06841111069589623,0.0793122637785828,0.8625540040929927
d12-s8,12,8,1616,0.6412698412698413,middle,lower_third,0.0031845059085657823,0.054393376151706356,0.05854584020826371
d12-s8,12,8,1616,0.6412698412698413,middle,middle_third,0.007981140077092164,0.054393376151706356,0.14672999989616917
d12-s8,12,8,1616,0.6412698412698413,middle,upper_third,0.04322773016604842,0.054393376151706356,0.7947241598955672
d12-s8,12,8,1717,0.6813492063492064,middle,lower_third,0.0024177000103104973,0.03904735972274409,0.06191711878798936
d12-s8,12,8,1717,0.6813492063492064,middle,middle_third,0.0046058425102426526,0.03904735972274409,0.11795528668126226
d12-s8,12,8,1717,0.6813492063492064,middle,upper_third,0.03202381720219094,0.03904735972274409,0.8201275945307483
d12-s8,12,8,1818,0.7214285714285714,middle,lower_third,0.00241904233118051,0.029202049007017283,0.08283810257969265
d12-s8,12,8,1818,0.7214285714285714,middle,middle_third,0.005503907301886102,0.029202049007017283,0.18847675040075124
d12-s8,12,8,1818,0.7214285714285714,middle,upper_third,0.021279099373950672,0.029202049007017283,0.7286851470195561
d12-s8,12,8,1919,0.7615079365079365,late,lower_third,0.0020148808405231478,0.024369435528424965,0.08268065290937712
d12-s8,12,8,1919,0.7615079365079365,late,middle_third,0.004025420801434976,0.024369435528424965,0.16518317778594624
d12-s8,12,8,1919,0.7615079365079365,late,upper_third,0.01832913388646684,0.024369435528424965,0.7521361693046765
d12-s8,12,8,2020,0.8015873015873016,late,lower_third,0.0018518565188898606,0.01549885120219052,0.11948346975730237
d12-s8,12,8,2020,0.8015873015873016,late,middle_third,0.0032897612318869562,0.01549885120219052,0.21225839186210135
d12-s8,12,8,2020,0.8015873015873016,late,upper_third,0.010357233451413704,0.01549885120219052,0.6682581383805962
d12-s8,12,8,2121,0.8416666666666667,late,lower_third,0.001986024054655866,0.018392996238153048,0.10797719028160334
d12-s8,12,8,2121,0.8416666666666667,late,middle_third,0.0036178726473190537,0.018392996238153048,0.19669838456305508
d12-s8,12,8,2121,0.8416666666666667,late,upper_third,0.012789099536178128,0.018392996238153048,0.6953244251553415
d12-s8,12,8,2222,0.8817460317460317,late,lower_third,0.0015198164404570669,0.009782539616815189,0.15536011097206878
d12-s8,12,8,2222,0.8817460317460317,late,middle_third,0.002298476065000443,0.009782539616815189,0.23495699021239813
d12-s8,12,8,2222,0.8817460317460317,late,upper_third,0.005964247111357679,0.009782539616815189,0.6096828988155331
d12-s8,12,8,2323,0.9218253968253968,late,lower_third,0.0013436773596247065,0.008752427327220147,0.1535205388619286
d12-s8,12,8,2323,0.9218253968253968,late,middle_third,0.002135165769670877,0.008752427327220147,0.2439512708697949
d12-s8,12,8,2323,0.9218253968253968,late,upper_third,0.005273584197924563,0.008752427327220147,0.6025281902682764
d12-s8,12,8,2424,0.9619047619047619,late,lower_third,0.0012170232922317226,0.008756160869515028,0.13899051312189162
d12-s8,12,8,2424,0.9619047619047619,late,middle_third,0.0019828497069740436,0.008756160869515028,0.22645195040641897
d12-s8,12,8,2424,0.9619047619047619,late,upper_third,0.005556287870309262,0.008756160869515028,0.6345575364716894
d12-s9,12,9,0,0.0,early,lower_third,7.663316735189459e-05,0.00013434113314479609,0.5704371070720203
d12-s9,12,9,0,0.0,early,middle_third,3.408455581833452e-05,0.00013434113314479609,0.25371645318487357
d12-s9,12,9,0,0.0,early,upper_third,2.362340997456699e-05,0.00013434113314479609,0.17584643974310618
d12-s9,12,9,101,0.04007936507936508,early,lower_third,0.008691868814430848,0.03429480522292483,0.25344563871792014
d12-s9,12,9,101,0.04007936507936508,early,middle_third,0.008544655549532543,0.03429480522292483,0.24915305667987148
d12-s9,12,9,101,0.04007936507936508,early,upper_third,0.01705828085896144,0.03429480522292483,0.4974013046022083
d12-s9,12,9,202,0.08015873015873017,early,lower_third,0.00864063480820576,0.042109398803452436,0.20519492212501828
d12-s9,12,9,202,0.08015873015873017,early,middle_third,0.010401689218547006,0.042109398803452436,0.24701585665227305
d12-s9,12,9,202,0.08015873015873017,early,upper_third,0.02306707477669967,0.042109398803452436,0.5477892212227087
d12-s9,12,9,303,0.12023809523809524,early,lower_third,0.00780432784092433,0.034580433292093815,0.22568623634651352
d12-s9,12,9,303,0.12023809523809524,early,middle_third,0.010398926642263717,0.034580433292093815,0.30071707183152163
d12-s9,12,9,303,0.12023809523809524,early,upper_third,0.016377178808905768,0.034580433292093815,0.47359669182196484
d12-s9,12,9,404,0.16031746031746033,early,lower_third,0.008775521887335103,0.036749693998869404,0.2387916995337452
d12-s9,12,9,404,0.16031746031746033,early,middle_third,0.011167854708673985,0.036749693998869404,0.30388973331363145
d12-s9,12,9,404,0.16031746031746033,early,upper_third,0.016806317402860316,0.036749693998869404,0.4573185671526233
d12-s9,12,9,505,0.2003968253968254,early,lower_third,0.005685847638332575,0.03445431716868175,0.16502569505283626
d12-s9,12,9,505,0.2003968253968254,early,middle_third,0.0101424717497558,0.03445431716868175,0.29437448143581535
d12-s9,12,9,505,0.2003968253968254,early,upper_third,0.018625997780593373,0.03445431716868175,0.5405998235113484
d12-s9,12,9,606,0.24047619047619048,early,lower_third,0.004307930399397364,0.07453332604709928,0.05779871405007588
d12-s9,12,9,606,0.24047619047619048,early,middle_third,0.01595689811273182,0.07453332604709928,0.214090782727827
d12-s9,12,9,606,0.24047619047619048,early,upper_third,0.054268497534970095,0.07453332604709928,0.7281105032220971
d12-s9,12,9,707,0.28055555555555556,middle,lower_third,0.004851133797806106,0.050046638130857524,0.09693226116651014
d12-s9,12,9,707,0.28055555555555556,middle,middle_third,0.012242049869183091,0.050046638130857524,0.2446128316785967
d12-s9,12,9,707,0.28055555555555556,middle,upper_third,0.032953454463868326,0.050046638130857524,0.6584549071548932
d12-s9,12,9,808,0.32063492063492066,middle,lower_third,0.006417635474303296,0.04733022148010857,0.13559276237489043
d12-s9,12,9,808,0.32063492063492066,middle,middle_third,0.010242676099173842,0.04733022148010857,0.2164087929205766
d12-s9,12,9,808,0.32063492063492066,middle,upper_third,0.030669909906631432,0.04733022148010857,0.6479984447045329
d12-s9,12,9,909,0.3607142857142857,middle,lower_third,0.00401835247146165,0.06647562649307082,0.06044850847521548
d12-s9,12,9,909,0.3607142857142857,middle,middle_third,0.010862308551814692,0.06647562649307082,0.16340287598413142
d12-s9,12,9,909,0.3607142857142857,middle,upper_third,0.05159496546979448,0.06647562649307082,0.7761486155406532
d12-s9,12,9,1010,0.4007936507936508,middle,lower_third,0.003140408835553554,0.04885630657833184,0.06427847407004668
d12-s9,12,9,1010,0.4007936507936508,middle,middle_third,0.008330092793227273,0.04885630657833184,0.17050189374981806
d12-s9,12,9,1010,0.4007936507936508,middle,upper_third,0.037385804949551016,0.04885630657833184,0.7652196321801352
d12-s9,12,9,1111,0.44087301587301586,middle,lower_third,0.004600161861431751,0.06596222799666229,0.06973933417871392
d12-s9,12,9,1111,0.44087301587301586,middle,middle_third,0.008200199779824224,0.06596222799666229,0.12431659798148657
d12-s9,12,9,1111,0.44087301587301586,middle,upper_third,0.05316186635540632,0.06596222799666229,0.8059440678397995
d12-s9,12,9,1212,0.48095238095238096,middle,lower_third,0.003308757842818366,0.07015775950143244,0.04716168056579415
d12-s9,12,9,1212,0.48095238095238096,middle,middle_third,0.009139643954290122,0.07015775950143244,0.13027274558423596
d12-s9,12,9,1212,0.48095238095238096,middle,upper_third,0.05770935770432395,0.07015775950143244,0.8225655738499699
d12-s9,12,9,1313,0.5210317460317461,middle,lower_third,0.003323686888158761,0.07203263568541908,0.04614140321997887
d12-s9,12,9,1313,0.5210317460317461,middle,middle_third,0.0075076003493670385,0.07203263568541908,0.10422498466048404
d12-s9,12,9,1313,0.5210317460317461,middle,upper_third,0.061201348447893274,0.07203263568541908,0.849633612119537
d12-s9,12,9,1414,0.5611111111111111,middle,lower_third,0.003973487721538049,0.09503887350083319,0.04180907848726989
d12-s9,12,9,1414,0.5611111111111111,middle,middle_third,0.011198580565903171,0.09503887350083319,0.11783157936741533
d12-s9,12,9,1414,0.5611111111111111,middle,upper_third,0.07986680521339196,0.09503887350083319,0.8403593421453146
d12-s9,12,9,1515,0.6011904761904762,middle,lower_third,0.003384301375345178,0.09186107660221988,0.036841516565280424
d12-s9,12,9,1515,0.6011904761904762,middle,middle_third,0.008826687253250753,0.09186107660221988,0.09608734819723908
d12-s9,12,9,1515,0.6011904761904762,middle,upper_third,0.07965008797362394,0.09186107660221988,0.8670711352374804
d12-s9,12,9,1616,0.6412698412698413,middle,lower_third,0.0027256897634333477,0.0681874432271532,0.03997348535790149
d12-s9,12,9,1616,0.6412698412698413,middle,middle_third,0.006883059971849015,0.0681874432271532,0.10094321837115142
d12-s9,12,9,1616,0.6412698412698413,middle,upper_third,0.058578693491870844,0.0681874432271532,0.8590832962709471
d12-s9,12,9,1717,0.6813492063492064,middle,lower_third,0.0023829985250660712,0.049731081352990536,0.04791768970699793
d12-s9,12,9,1717,0.6813492063492064,middle,middle_third,0.005593614329497676,0.049731081352990536,0.11247723108601396
d12-s9,12,9,1717,0.6813492063492064,middle,upper_third,0.04175446849842679,0.049731081352990536,0.8396050792069881
d12-s9,12,9,1818,0.7214285714285714,middle,lower_third,0.0025063592760297126,0.042573882805801766,0.058870817291021386
d12-s9,12,9,1818,0.7214285714285714,middle,middle_third,0.0054427678900239584,0.042573882805801766,0.12784288233353816
d12-s9,12,9,1818,0.7214285714285714,middle,upper_third,0.034624755639748095,0.042573882805801766,0.8132863003754405
d12-s9,12,9,1919,0.7615079365079365,late,lower_third,0.002388087752619228,0.0352075031905823,0.06782894372521198
d12-s9,12,9,1919,0.7615079365079365,late,middle_third,0.005031006577866037,0.0352075031905823,0.14289586372065677
d12-s9,12,9,1919,0.7615079365079365,late,upper_third,0.027788408860097036,0.0352075031905823,0.7892751925541313
d12-s9,12,9,2020,0.8015873015873016,late,lower_third,0.001959198222466707,0.022391263875348514,0.08749833119619795
d12-s9,12,9,2020,0.8015873015873016,late,middle_third,0.00353914372859343,0.022391263875348514,0.1580591318246141
d12-s9,12,9,2020,0.8015873015873016,late,upper_third,0.016892921924288377,0.022391263875348514,0.754442536979188
d12-s9,12,9,2121,0.8416666666666667,late,lower_third,0.0017277881350881152,0.021111774180420095,0.08184002539637503
d12-s9,12,9,2121,0.8416666666666667,late,middle_third,0.0033006780605546737,0.021111774180420095,0.15634299762527087
d12-s9,12,9,2121,0.8416666666666667,late,upper_third,0.016083307984777306,0.021111774180420095,0.7618169769783542
d12-s9,12,9,2222,0.8817460317460317,late,lower_third,0.0013728211175143556,0.011342686311511583,0.12103139237140788
d12-s9,12,9,2222,0.8817460317460317,late,middle_third,0.0023842416297323865,0.011342686311511583,0.21020079055810992
d12-s9,12,9,2222,0.8817460317460317,late,upper_third,0.007585623564264842,0.011342686311511583,0.6687678170704823
d12-s9,12,9,2323,0.9218253968253968,late,lower_third,0.0011876640749495238,0.010141214540514198,0.11711260719362561
d12-s9,12,9,2323,0.9218253968253968,late,middle_third,0.0022225064436582898,0.010141214540514198,0.21915584516818634
d12-s9,12,9,2323,0.9218253968253968,late,upper_third,0.006731044021906385,0.010141214540514198,0.6637315476381881
d12-s9,12,9,2424,0.9619047619047619,late,lower_third,0.0011697739564020537,0.010067185898227748,0.1161967175561925
d12-s9,12,9,2424,0.9619047619047619,late,middle_third,0.0020497016900780096,0.010067185898227748,0.20360224900971025
d12-s9,12,9,2424,0.9619047619047619,late,upper_third,0.006847710251747686,0.010067185898227748,0.6802010334340973
d14-s7,14,7,0,0.0,early,lower_third,0.00010347754119358668,0.00016093318310298634,0.6429844933059458
d14-s7,14,7,0,0.0,early,middle_third,3.2152165914609776e-05,0.00016093318310298634,0.19978580734362636
d14-s7,14,7,0,0.0,early,upper_third,2.5303475994789907e-05,0.00016093318310298634,0.1572296993504279
d14-s7,14,7,151,0.04017025804735302,early,lower_third,0.02420587970228283,0.047281584145613564,0.5119515375740318
d14-s7,14,7,151,0.04017025804735302,early,middle_third,0.008343142177094975,0.047281584145613564,0.17645648570911918
d14-s7,14,7,151,0.04017025804735302,early,upper_third,0.01473256226623576,0.047281584145613564,0.311591976716849
d14-s7,14,7,302,0.08034051609470604,early,lower_third,0.011508041665438506,0.0635877712612738,0.1809788491902551
d14-s7,14,7,302,0.08034051609470604,early,middle_third,0.008915968321758783,0.0635877712612738,0.1402151411334145
d14-s7,14,7,302,0.08034051609470604,early,upper_third,0.043163761274076506,0.0635877712612738,0.6788060096763304
d14-s7,14,7,453,0.12051077414205906,early,lower_third,0.010423148781889324,0.03779492835165765,0.27578167856037683
d14-s7,14,7,453,0.12051077414205906,early,middle_third,0.006849336561753461,0.03779492835165765,0.1812236948308186
d14-s7,14,7,453,0.12051077414205906,early,upper_third,0.020522443008014868,0.03779492835165765,0.5429946266088046
d14-s7,14,7,604,0.16068103218941207,early,lower_third,0.004705192498223987,0.026751672781617053,0.17588404794848023
d14-s7,14,7,604,0.16068103218941207,early,middle_third,0.004696892233786443,0.026751672781617053,0.1755737770915771
d14-s7,14,7,604,0.16068103218941207,early,upper_third,0.017349588049606623,0.026751672781617053,0.6485421749599427
d14-s7,14,7,755,0.2008512902367651,early,lower_third,0.004179515421386171,0.04961765538287288,0.08423444012287738
d14-s7,14,7,755,0.2008512902367651,early,middle_third,0.006908600838174905,0.04961765538287288,0.1392367451638924
d14-s7,14,7,755,0.2008512902367651,early,upper_third,0.03852953912331181,0.04961765538287288,0.7765288147132302
d14-s7,14,7,906,0.24102154828411812,early,lower_third,0.003507417522217171,0.03722218219974449,0.09422922878071473
d14-s7,14,7,906,0.24102154828411812,early,middle_third,0.0037509437100737846,0.03722218219974449,0.10077173041454654
d14-s7,14,7,906,0.24102154828411812,early,upper_third,0.029963820967453533,0.03722218219974449,0.8049990408047386
d14-s7,14,7,1057,0.2811918063314711,middle,lower_third,0.0037224457691209523,0.08873255414532477,0.04195129741249631
d14-s7,14,7,1057,0.2811918063314711,middle,middle_third,0.004398209620243287,0.08873255414532477,0.049567035036994084
d14-s7,14,7,1057,0.2811918063314711,middle,upper_third,0.08061189875596053,0.08873255414532477,0.9084816675505096
d14-s7,14,7,1208,0.32136206437882414,middle,lower_third,0.004202979218270286,0.12098304103757583,0.03474023451737251
d14-s7,14,7,1208,0.32136206437882414,middle,middle_third,0.004584657616739207,0.12098304103757583,0.03789504361454486
d14-s7,14,7,1208,0.32136206437882414,middle,upper_third,0.11219540420256634,0.12098304103757583,0.9273647218680826
d14-s7,14,7,1359,0.36153232242617717,middle,lower_third,0.004645547472749811,0.17527152515040711,0.02650486135020102
d14-s7,14,7,1359,0.36153232242617717,middle,middle_third,0.007477785827500583,0.17527152515040711,0.04266400843538967
d14-s7,14,7,1359,0.36153232242617717,middle,upper_third,0.16314819185015672,0.17527152515040711,0.9308311302144093
d14-s7,14,7,1510,0.4017025804735302,middle,lower_third,0.004229580027326207,0.14539653987134304,0.02908996342738853
d14-s7,14,7,1510,0.4017025804735302,middle,middle_third,0.004601385231853605,0.14539653987134304,0.031647143982416845
d14-s7,14,7,1510,0.4017025804735302,middle,upper_third,0.13656557461216326,0.14539653987134304,0.9392628925901948
d14-s7,14,7,1661,0.4418728385208832,middle,lower_third,0.0034366755101811197,0.20112385644128208,0.017087358859312913
d14-s7,14,7,1661,0.4418728385208832,middle,middle_third,0.004188798677399408,0.20112385644128208,0.02082696081666634
d14-s7,14,7,1661,0.4418728385208832,middle,upper_third,0.19349838225370156,0.20112385644128208,0.9620856803240208
d14-s7,14,7,1812,0.48204309656823624,middle,lower_third,0.0034871990449882873,0.21233614972127812,0.016423011576529666
d14-s7,14,7,1812,0.48204309656823624,middle,middle_third,0.004596848248365593,0.21233614972127812,0.0216489196700591
d14-s7,14,7,1812,0.48204309656823624,middle,upper_third,0.20425210242792424,0.21233614972127812,0.9619280687534112
d14-s7,14,7,1963,0.5222133546155893,middle,lower_third,0.0033735233985139335,0.16664135480147582,0.020244214904114887
d14-s7,14,7,1963,0.5222133546155893,middle,middle_third,0.003392665891282398,0.16664135480147582,0.020359087306534258
d14-s7,14,7,1963,0.5222133546155893,middle,upper_third,0.1598751655116795,0.16664135480147582,0.9593966977893509
d14-s7,14,7,2114,0.5623836126629422,middle,lower_third,0.003402033429903195,0.2101733649441018,0.01618679622324174
d14-s7,14,7,2114,0.5623836126629422,middle,middle_third,0.0032841560023340044,0.2101733649441018,0.015625938154472933
d14-s7,14,7,2114,0.5623836126629422,middle,upper_third,0.2034871755118646,0.2101733649441018,0.9681872656222853
d14-s7,14,7,2265,0.6025538707102953,middle,lower_third,0.0032107632396536356,0.1616259188918735,0.019865398208820776
d14-s7,14,7,2265,0.6025538707102953,middle,middle_third,0.0036246015432316453,0.1616259188918735,0.0224258681285919
d14-s7,14,7,2265,0.6025538707102953,middle,upper_third,0.1547905541089882,0.1616259188918735,0.9577087336625872
d14-s7,14,7,2416,0.6427241287576483,middle,lower_third,0.003356015114616584,0.10176620001514025,0.03297769902106292
d14-s7,14,7,2416,0.6427241287576483,middle,middle_third,0.0036862947945026647,0.10176620001514025,0.0362231742361829
d14-s7,14,7,2416,0.6427241287576483,middle,upper_third,0.094723890106021,0.10176620001514025,0.9307991267427542
d14-s7,14,7,2567,0.6828943868050014,middle,lower_third,0.0028657143741157576,0.13763722258954217,0.02082078031072895
d14-s7,14,7,2567,0.6828943868050014,middle,middle_third,0.002944430156489819,0.13763722258954217,0.02139268797417262
d14-s7,14,7,2567,0.6828943868050014,middle,upper_third,0.13182707805893656,0.13763722258954217,0.9577865317150982
d14-s7,14,7,2718,0.7230646448523543,middle,lower_third,0.0026625600733583,0.077280236242387,0.034453311775694696
d14-s7,14,7,2718,0.7230646448523543,middle,middle_third,0.0024701034060155003,0.077280236242387,0.03196293808248851
d14-s7,14,7,2718,0.7230646448523543,middle,upper_third,0.0721475727630132,0.077280236242387,0.9335837501418168
d14-s7,14,7,2869,0.7632349028997074,late,lower_third,0.0021379800254373027,0.05050166807763668,0.04233483975520504
d14-s7,14,7,2869,0.7632349028997074,late,middle_third,0.0022594740059620477,0.05050166807763668,0.04474058168709472
d14-s7,14,7,2869,0.7632349028997074,late,upper_third,0.04610421404623733,0.05050166807763668,0.9129245785577003
d14-s7,14,7,3020,0.8034051609470604,late,lower_third,0.0016771114504146034,0.040698259291510386,0.041208431997101336
d14-s7,14,7,3020,0.8034051609470604,late,middle_third,0.0017520819846783553,0.040698259291510386,0.04305053865151028
d14-s7,14,7,3020,0.8034051609470604,late,upper_third,0.03726906585641743,0.040698259291510386,0.9157410293513883
d14-s7,14,7,3171,0.8435754189944135,late,lower_third,0.0015296443078045563,0.02953568349933633,0.05178970406555608
d14-s7,14,7,3171,0.8435754189944135,late,middle_third,0.001293565686184106,0.02953568349933633,0.043796707335828966
d14-s7,14,7,3171,0.8435754189944135,late,upper_third,0.026712473505347667,0.02953568349933633,0.904413588598615
d14-s7,14,7,3322,0.8837456770417664,late,lower_third,0.0014460771729725153,0.02393534988556878,0.06041596132440041
d14-s7,14,7,3322,0.8837456770417664,late,middle_third,0.00129986852930708,0.02393534988556878,0.05430747975365103
d14-s7,14,7,3322,0.8837456770417664,late,upper_third,0.021189404183289184,0.02393534988556878,0.8852765589219486
d14-s7,14,7,3473,0.9239159350891194,late,lower_third,0.0014283704958799603,0.020484457387595082,0.0697294767858947
d14-s7,14,7,3473,0.9239159350891194,late,middle_third,0.0012308513929033538,0.020484457387595082,0.06008708796205308
d14-s7,14,7,3473,0.9239159350891194,late,upper_third,0.017825235498811768,0.020484457387595082,0.8701834352520522
d14-s7,14,7,3624,0.9640861931364725,late,lower_third,0.0014674949621116262,0.020413021682464727,0.07189013880155917
d14-s7,14,7,3624,0.9640861931364725,late,middle_third,0.0012428054361475205,0.020413021682464727,0.06088297242221224
d14-s7,14,7,3624,0.9640861931364725,late,upper_third,0.01770272128420558,0.020413021682464727,0.8672268887762286
d16-s7,16,7,0,0.0,early,lower_third,0.00012447718755077467,0.0001933442819774699,0.6438110622029143
d16-s7,16,7,0,0.0,early,middle_third,4.8385101064536424e-05,0.0001933442819774699,0.2502535920362758
d16-s7,16,7,0,0.0,early,upper_third,2.0481993362158812e-05,0.0001933442819774699,0.10593534576080996
d16-s7,16,7,216,0.04017857142857143,early,lower_third,0.016681135047601714,0.048582427202839895,0.3433573826592718
d16-s7,16,7,216,0.04017857142857143,early,middle_third,0.013268056198246114,0.048582427202839895,0.27310402057208305
d16-s7,16,7,216,0.04017857142857143,early,upper_third,0.018633235956992067,0.048582427202839895,0.38353859676864516
d16-s7,16,7,432,0.08035714285714286,early,lower_third,0.005251001032480218,0.02586230033854431,0.20303689013518653
d16-s7,16,7,432,0.08035714285714286,early,middle_third,0.008406632922087098,0.02586230033854431,0.3250535649204465
d16-s7,16,7,432,0.08035714285714286,early,upper_third,0.012204666383976992,0.02586230033854431,0.47190954494436693
d16-s7,16,7,648,0.12053571428571429,early,lower_third,0.0033335263729061815,0.04350800427351631,0.07661869186069119
d16-s7,16,7,648,0.12053571428571429,early,middle_third,0.011654449090550578,0.04350800427351631,0.26786908030264994
d16-s7,16,7,648,0.12053571428571429,early,upper_third,0.02852002881005955,0.04350800427351631,0.6555122278366589
d16-s7,16,7,864,0.16071428571428573,early,lower_third,0.003048562031723545,0.01824691789689714,0.1670727105229069
d16-s7,16,7,864,0.16071428571428573,early,middle_third,0.006026902893486508,0.01824691789689714,0.33029703578111524
d16-s7,16,7,864,0.16071428571428573,early,upper_third,0.009171452971687089,0.01824691789689714,0.5026302536959778
d16-s7,16,7,1080,0.20089285714285715,early,lower_third,0.0029552565934323205,0.0628158923154496,0.0470463203577779
d16-s7,16,7,1080,0.20089285714285715,early,middle_third,0.013357649499709634,0.0628158923154496,0.21264761205062616
d16-s7,16,7,1080,0.20089285714285715,early,upper_third,0.04650298622230764,0.0628158923154496,0.7403060675915959
d16-s7,16,7,1296,0.24107142857142858,early,lower_third,0.0021273281642151254,0.051593999938470025,0.041232084481764054
d16-s7,16,7,1296,0.24107142857142858,early,middle_third,0.0039524327370481505,0.051593999938470025,0.07660644148082613
d16-s7,16,7,1296,0.24107142857142858,early,upper_third,0.04551423903720675,0.051593999938470025,0.8821614740374099
d16-s7,16,7,1512,0.28125,middle,lower_third,0.00244753837748779,0.04854962732534829,0.05041312389662575
d16-s7,16,7,1512,0.28125,middle,middle_third,0.005071679016880992,0.04854962732534829,0.10446380943140657
d16-s7,16,7,1512,0.28125,middle,upper_third,0.041030409930979506,0.04854962732534829,0.8451230666719677
d16-s7,16,7,1728,0.32142857142857145,middle,lower_third,0.0020911868877715456,0.13126909424853658,0.01593053490421915
d16-s7,16,7,1728,0.32142857142857145,middle,middle_third,0.009883638460185917,0.13126909424853658,0.0752929584588499
d16-s7,16,7,1728,0.32142857142857145,middle,upper_third,0.11929426890057913,0.13126909424853658,0.9087765066369311
d16-s7,16,7,1944,0.36160714285714285,middle,lower_third,0.002066372000247396,0.09624640602377665,0.02146960167776988
d16-s7,16,7,1944,0.36160714285714285,middle,middle_third,0.005387471541817179,0.09624640602377665,0.05597582044244085
d16-s7,16,7,1944,0.36160714285714285,middle,upper_third,0.08879256248171208,0.09624640602377665,0.9225545778797892
d16-s7,16,7,2160,0.4017857142857143,middle,lower_third,0.0015713237877470476,0.09715944660826172,0.016172630069441276
d16-s7,16,7,2160,0.4017857142857143,middle,middle_third,0.004197558553320269,0.09715944660826172,0.04320278367006816
d16-s7,16,7,2160,0.4017857142857143,middle,upper_third,0.0913905642671944,0.09715944660826172,0.9406245862604906
d16-s7,16,7,2376,0.4419642857142857,middle,lower_third,0.001899016436007428,0.12438660812325197,0.015267048958564206
d16-s7,16,7,2376,0.4419642857142857,middle,middle_third,0.0040160639966826395,0.12438660812325197,0.032286948388392495
d16-s7,16,7,2376,0.4419642857142857,middle,upper_third,0.1184715276905619,0.12438660812325197,0.9524460026530432
d16-s7,16,7,2592,0.48214285714285715,middle,lower_third,0.0015589618312015219,0.11886121682503092,0.013115815846781917
d16-s7,16,7,2592,0.48214285714285715,middle,middle_third,0.004600029414974172,0.11886121682503092,0.03870084404188477
d16-s7,16,7,2592,0.48214285714285715,middle,upper_third,0.11270222557885523,0.11886121682503092,0.9481833401113333
d16-s7,16,7,2808,0.5223214285714286,middle,lower_third,0.0016048584020196266,0.14209706064027047,0.011294099925701122
d16-s7,16,7,2808,0.5223214285714286,middle,middle_third,0.004045082131615585,0.14209706064027047,0.02846703593578208
d16-s7,16,7,2808,0.5223214285714286,middle,upper_third,0.1364471201066353,0.14209706064027047,0.960238864138517
d16-s7,16,7,3024,0.5625,middle,lower_third,0.0018275236172398124,0.11404262780201145,0.016024916756675955
d16-s7,16,7,3024,0.5625,middle,middle_third,0.00482640307517479,0.11404262780201145,0.04232104405340319
d16-s7,16,7,3024,0.5625,middle,upper_third,0.10738870110959685,0.11404262780201145,0.9416540391899209
d16-s7,16,7,3240,0.6026785714285714,middle,lower_third,0.0016743371787044659,0.10771871579579152,0.015543605086033533
d16-s7,16,7,3240,0.6026785714285714,middle,middle_third,0.00352388702274653,0.10771871579579152,0.03271378605577663
d16-s7,16,7,3240,0.6026785714285714,middle,upper_third,0.10252049159434053,0.10771871579579152,0.9517426088581898
d16-s7,16,7,3456,0.6428571428571429,middle,lower_third,0.0014627123713735202,0.08713992138886419,0.01678578942992303
d16-s7,16,7,3456,0.6428571428571429,middle,middle_third,0.003489688099722832,0.08713992138886419,0.04004695028527748
d16-s7,16,7,3456,0.6428571428571429,middle,upper_third,0.08218752091776783,0.08713992138886419,0.9431672602847995
d16-s7,16,7,3672,0.6830357142857143,middle,lower_third,0.001720744102511551,0.07812727058139622,0.022024884393200564
d16-s7,16,7,3672,0.6830357142857143,middle,middle_third,0.0036753494085866034,0.07812727058139622,0.04704310519535522
d16-s7,16,7,3672,0.6830357142857143,middle,upper_third,0.07273117707029807,0.07812727058139622,0.9309320104114442
d16-s7,16,7,3888,0.7232142857142857,middle,lower_third,0.001529411951918913,0.064807752101407,0.023599213092992143
d16-s7,16,7,3888,0.7232142857142857,middle,middle_third,0.0030706558672197737,0.064807752101407,0.04738099637239398
d16-s7,16,7,3888,0.7232142857142857,middle,upper_third,0.06020768428226831,0.064807752101407,0.9290197905346138
d16-s7,16,7,4104,0.7633928571428571,late,lower_third,0.0010857485215003404,0.041985911525961095,0.02585982969141901
d16-s7,16,7,4104,0.7633928571428571,late,middle_third,0.002194252767837357,0.041985911525961095,0.05226164415843604
d16-s7,16,7,4104,0.7633928571428571,late,upper_third,0.0387059102366234,0.041985911525961095,0.921878526150145
d16-s7,16,7,4320,0.8035714285714286,late,lower_third,0.001063934331665628,0.036997345632190815,0.028757044957839227
d16-s7,16,7,4320,0.8035714285714286,late,middle_third,0.0021612992756177007,0.036997345632190815,0.058417684801073615
d16-s7,16,7,4320,0.8035714285714286,late,upper_third,0.033772112024907486,0.036997345632190815,0.9128252702410872
d16-s7,16,7,4536,0.84375,late,lower_third,0.0008782570457421812,0.023012375049894066,0.03816455467277916
d16-s7,16,7,4536,0.84375,late,middle_third,0.0017309038398682919,0.023012375049894066,0.07521621893070354
d16-s7,16,7,4536,0.84375,late,upper_third,0.020403214164283593,0.023012375049894066,0.8866192263965172
d16-s7,16,7,4752,0.8839285714285714,late,lower_third,0.0009471435726888799,0.022254309580858944,0.04256000705155658
d16-s7,16,7,4752,0.8839285714285714,late,middle_third,0.00184062221690251,0.022254309580858944,0.08270857427478404
d16-s7,16,7,4752,0.8839285714285714,late,upper_third,0.019466543791267554,0.022254309580858944,0.8747314186736593
d16-s7,16,7,4968,0.9241071428571429,late,lower_third,0.0008656776663222843,0.016009814592048865,0.05407168592397163
d16-s7,16,7,4968,0.9241071428571429,late,middle_third,0.0015394099934158412,0.016009814592048865,0.09615414248334742
d16-s7,16,7,4968,0.9241071428571429,late,upper_third,0.01360472693231074,0.016009814592048865,0.849774171592681
d16-s7,16,7,5184,0.9642857142857143,late,lower_third,0.0008288667962206286,0.015712659736299317,0.052751527120884836
d16-s7,16,7,5184,0.9642857142857143,late,middle_third,0.0015257726383821613,0.015712659736299317,0.09710466999150552
d16-s7,16,7,5184,0.9642857142857143,late,upper_third,0.013358020301696527,0.015712659736299317,0.8501438028876096
