run,step,progress,slice,cos_with_nominal,sq_norm
d12-s10,0,0.0,0,0.5969622010174062,0.23425054550170898
d12-s10,0,0.0,1,0.6602770800279996,0.330356627702713
d12-s10,0,0.0,2,0.5503303527382556,0.28324082493782043
d12-s10,0,0.0,3,0.5673061077738655,0.26498791575431824
d12-s10,0,0.0,4,0.6217839954030802,0.25645712018013
d12-s10,0,0.0,5,0.6163964382764341,0.22476109862327576
d12-s10,0,0.0,6,0.5422537205262373,0.2241801619529724
d12-s10,0,0.0,7,0.6484812267837987,0.2788740396499634
d12-s10,101,0.04007936507936508,0,0.4688947861180137,0.13192276656627655
d12-s10,101,0.04007936507936508,1,0.4327842324400052,0.12068326026201248
d12-s10,101,0.04007936507936508,2,0.4305682904983954,0.12039019912481308
d12-s10,101,0.04007936507936508,3,0.47392626071266064,0.12791763246059418
d12-s10,101,0.04007936507936508,4,0.47872457704437077,0.16614769399166107
d12-s10,101,0.04007936507936508,5,0.46829245404557523,0.13318262994289398
d12-s10,101,0.04007936507936508,6,0.457587606557987,0.12155728042125702
d12-s10,101,0.04007936507936508,7,0.4769493737635255,0.13602113723754883
d12-s10,202,0.08015873015873017,0,0.5084417469053453,0.2564355432987213
d12-s10,202,0.08015873015873017,1,0.5261603385372824,0.2694062888622284
d12-s10,202,0.08015873015873017,2,0.5180301544827581,0.3128000795841217
d12-s10,202,0.08015873015873017,3,0.4324773463711787,0.3367897570133209
d12-s10,202,0.08015873015873017,4,0.5173011148528703,0.29222819209098816
d12-s10,202,0.08015873015873017,5,0.457917700688367,0.2679709196090698
d12-s10,202,0.08015873015873017,6,0.5116894893352002,0.29734867811203003
d12-s10,202,0.08015873015873017,7,0.49954026893159564,0.27430596947669983
d12-s10,303,0.12023809523809524,0,0.4842204736444238,0.2536991536617279
d12-s10,303,0.12023809523809524,1,0.5019668434622037,0.23915565013885498
d12-s10,303,0.12023809523809524,2,0.5584507039576857,0.27902477979660034
d12-s10,303,0.12023809523809524,3,0.5109805530169693,0.2529396414756775
d12-s10,303,0.12023809523809524,4,0.5598948989467998,0.2766094207763672
d12-s10,303,0.12023809523809524,5,0.5391697403520072,0.3288588225841522
d12-s10,303,0.12023809523809524,6,0.5048178179040074,0.36305350065231323
d12-s10,303,0.12023809523809524,7,0.5046322866787953,0.27656441926956177
d12-s10,404,0.16031746031746033,0,0.5413123301213674,0.2363370805978775
d12-s10,404,0.16031746031746033,1,0.5616437435359537,0.25787433981895447
d12-s10,404,0.16031746031746033,2,0.5584241887230411,0.25504839420318604
d12-s10,404,0.16031746031746033,3,0.5850631129297966,0.25876668095588684
d12-s10,404,0.16031746031746033,4,0.5449525774820857,0.27087733149528503
d12-s10,404,0.16031746031746033,5,0.5715949778125533,0.2670058012008667
d12-s10,404,0.16031746031746033,6,0.5224448031334769,0.23272188007831573
d12-s10,404,0.16031746031746033,7,0.5368040719891279,0.23420430719852448
d12-s10,505,0.2003968253968254,0,0.5139305568610486,0.18757817149162292
d12-s10,505,0.2003968253968254,1,0.5534707990186353,0.21339190006256104
d12-s10,505,0.2003968253968254,2,0.525848480032886,0.20749874413013458
d12-s10,505,0.2003968253968254,3,0.5773152150654979,0.21710871160030365
d12-s10,505,0.2003968253968254,4,0.6013270192300468,0.2629186511039734
d12-s10,505,0.2003968253968254,5,0.4599807113664832,0.19430455565452576
d12-s10,505,0.2003968253968254,6,0.6020762404690381,0.23407654464244843
d12-s10,505,0.2003968253968254,7,0.5730577437711432,0.21734844148159027
d12-s10,606,0.24047619047619048,0,0.5166061253058173,0.21785514056682587
d12-s10,606,0.24047619047619048,1,0.498854396365383,0.21691852807998657
d12-s10,606,0.24047619047619048,2,0.5240088665622288,0.2168809324502945
d12-s10,606,0.24047619047619048,3,0.4841907916258324,0.1895396113395691
d12-s10,606,0.24047619047619048,4,0.5245680353075632,0.20836816728115082
d12-s10,606,0.24047619047619048,5,0.5304242348783057,0.18332868814468384
d12-s10,606,0.24047619047619048,6,0.5435974434698969,0.20765870809555054
d12-s10,606,0.24047619047619048,7,0.5235159322453677,0.21270166337490082
d12-s10,707,0.28055555555555556,0,0.5340541410483742,0.22350716590881348
d12-s10,707,0.28055555555555556,1,0.594080007221455,0.24326969683170319
d12-s10,707,0.28055555555555556,2,0.5077995067601638,0.23919686675071716
d12-s10,707,0.28055555555555556,3,0.5002262099776074,0.25276461243629456
d12-s10,707,0.28055555555555556,4,0.5118028986369094,0.2128099948167801
d12-s10,707,0.28055555555555556,5,0.5443979996984195,0.2308364361524582
d12-s10,707,0.28055555555555556,6,0.5236632670836511,0.22273434698581696
d12-s10,707,0.28055555555555556,7,0.6204176118101099,0.23342877626419067
d12-s10,808,0.32063492063492066,0,0.585779491504811,0.2605893909931183
d12-s10,808,0.32063492063492066,1,0.5804904830025602,0.2853115200996399
d12-s10,808,0.32063492063492066,2,0.6089868776860534,0.29393431544303894
d12-s10,808,0.32063492063492066,3,0.5713848937619395,0.24417081475257874
d12-s10,808,0.32063492063492066,4,0.609957566651287,0.27187493443489075
d12-s10,808,0.32063492063492066,5,0.5954079660586413,0.32485726475715637
d12-s10,808,0.32063492063492066,6,0.6036081302405217,0.29874035716056824
d12-s10,808,0.32063492063492066,7,0.5807048536007213,0.25978466868400574
d12-s10,909,0.3607142857142857,0,0.5728502831166763,0.31730231642723083
d12-s10,909,0.3607142857142857,1,0.4885799920339191,0.26721081137657166
d12-s10,909,0.3607142857142857,2,0.5210230292080038,0.30136674642562866
d12-s10,909,0.3607142857142857,3,0.4707109160189503,0.23493485152721405
d12-s10,909,0.3607142857142857,4,0.5715975795080167,0.29911360144615173
d12-s10,909,0.3607142857142857,5,0.5876053024162345,0.301294207572937
d12-s10,909,0.3607142857142857,6,0.6205494366249824,0.31445637345314026
d12-s10,909,0.3607142857142857,7,0.6331522080269648,0.4653033912181854
d12-s10,1010,0.4007936507936508,0,0.5140666974148992,0.3004833459854126
d12-s10,1010,0.4007936507936508,1,0.5470291156626962,0.2878919243812561
d12-s10,1010,0.4007936507936508,2,0.5774766584025071,0.3807421326637268
d12-s10,1010,0.4007936507936508,3,0.5761986273301214,0.37222641706466675
d12-s10,1010,0.4007936507936508,4,0.5925030277531748,0.36912432312965393
d12-s10,1010,0.4007936507936508,5,0.5395189768340874,0.31896987557411194
d12-s10,1010,0.4007936507936508,6,0.5555480424976799,0.2947228252887726
d12-s10,1010,0.4007936507936508,7,0.6396388345009287,0.3509270250797272
d12-s10,1111,0.44087301587301586,0,0.5405850590483369,0.32697686553001404
d12-s10,1111,0.44087301587301586,1,0.5118133941445765,0.30789655447006226
d12-s10,1111,0.44087301587301586,2,0.4975392583313997,0.36003467440605164
d12-s10,1111,0.44087301587301586,3,0.4707378658141759,0.33466678857803345
d12-s10,1111,0.44087301587301586,4,0.5439345090411646,0.32701247930526733
d12-s10,1111,0.44087301587301586,5,0.5345887982966415,0.29775750637054443
d12-s10,1111,0.44087301587301586,6,0.5249254348623674,0.3332024812698364
d12-s10,1111,0.44087301587301586,7,0.5327559343111408,0.32389503717422485
d12-s10,1212,0.48095238095238096,0,0.5364123779268998,0.4221991002559662
d12-s10,1212,0.48095238095238096,1,0.5960629222279069,0.43682822585105896
d12-s10,1212,0.48095238095238096,2,0.5464352500791029,0.40357837080955505
d12-s10,1212,0.48095238095238096,3,0.541053760714969,0.3434673249721527
d12-s10,1212,0.48095238095238096,4,0.5748960372297374,0.3564724326133728
d12-s10,1212,0.48095238095238096,5,0.5345306742687944,0.3741655945777893
d12-s10,1212,0.48095238095238096,6,0.5465822997506439,0.35412561893463135
d12-s10,1212,0.48095238095238096,7,0.5745615346039872,0.45084118843078613
d12-s10,1313,0.5210317460317461,0,0.523805259041472,0.3666529059410095
d12-s10,1313,0.5210317460317461,1,0.5047110672105902,0.3761408030986786
d12-s10,1313,0.5210317460317461,2,0.5021326850342855,0.3944551944732666
d12-s10,1313,0.5210317460317461,3,0.3983663311037009,0.3848106265068054
d12-s10,1313,0.5210317460317461,4,0.4947923179611744,0.3451510965824127
d12-s10,1313,0.5210317460317461,5,0.5293179611366775,0.3458670377731323
d12-s10,1313,0.5210317460317461,6,0.4868406534179921,0.3636012077331543
d12-s10,1313,0.5210317460317461,7,0.490492989337788,0.3598211407661438
d12-s10,1414,0.5611111111111111,0,0.5676797570126965,0.42273518443107605
d12-s10,1414,0.5611111111111111,1,0.5918090320006647,0.4651287794113159
d12-s10,1414,0.5611111111111111,2,0.6127189020234058,0.5261602997779846
d12-s10,1414,0.5611111111111111,3,0.5635297408734032,0.43793797492980957
d12-s10,1414,0.5611111111111111,4,0.5326727988875948,0.45175203680992126
d12-s10,1414,0.5611111111111111,5,0.6306143125774147,0.541002631187439
d12-s10,1414,0.5611111111111111,6,0.574212011692454,0.44025248289108276
d12-s10,1414,0.5611111111111111,7,0.5447710193181736,0.427234023809433
d12-s10,1515,0.6011904761904762,0,0.5256658316585126,0.5246047973632812
d12-s10,1515,0.6011904761904762,1,0.6048508485513,0.5177291631698608
d12-s10,1515,0.6011904761904762,2,0.5049860941495831,0.4694484770298004
d12-s10,1515,0.6011904761904762,3,0.5234450131591378,0.4702930152416229
d12-s10,1515,0.6011904761904762,4,0.4910803377235549,0.41254401206970215
d12-s10,1515,0.6011904761904762,5,0.4587101485360956,0.36034002900123596
d12-s10,1515,0.6011904761904762,6,0.4850731638522583,0.4264402687549591
d12-s10,1515,0.6011904761904762,7,0.4472877017380778,0.40420204401016235
d12-s10,1616,0.6412698412698413,0,0.5041680656858039,0.5296761989593506
d12-s10,1616,0.6412698412698413,1,0.4999182283391753,0.47752881050109863
d12-s10,1616,0.6412698412698413,2,0.4397253907388361,0.4425528943538666
d12-s10,1616,0.6412698412698413,3,0.4892509429426158,0.4429488182067871
d12-s10,1616,0.6412698412698413,4,0.4202608577277155,0.40041083097457886
d12-s10,1616,0.6412698412698413,5,0.44908151668788443,0.45613303780555725
d12-s10,1616,0.6412698412698413,6,0.4909827576292844,0.5172445774078369
d12-s10,1616,0.6412698412698413,7,0.5408136896226702,0.5474317669868469
d12-s10,1717,0.6813492063492064,0,0.4973751972425326,0.5093158483505249
d12-s10,1717,0.6813492063492064,1,0.464556866571038,0.5245784521102905
d12-s10,1717,0.6813492063492064,2,0.4890302917732111,0.5224754810333252
d12-s10,1717,0.6813492063492064,3,0.42123145300487413,0.46848276257514954
d12-s10,1717,0.6813492063492064,4,0.3759577801286481,0.39737915992736816
d12-s10,1717,0.6813492063492064,5,0.4258567585392959,0.4265733063220978
d12-s10,1717,0.6813492063492064,6,0.4189059148408814,0.4201316833496094
d12-s10,1717,0.6813492063492064,7,0.4572897233879674,0.463665634393692
d12-s10,1818,0.7214285714285714,0,0.4702398830569795,0.4864013195037842
d12-s10,1818,0.7214285714285714,1,0.4592522809486976,0.49474677443504333
d12-s10,1818,0.7214285714285714,2,0.4127068330075598,0.4092288315296173
d12-s10,1818,0.7214285714285714,3,0.5097784112022284,0.5115710496902466
d12-s10,1818,0.7214285714285714,4,0.4453030708852078,0.518609881401062
d12-s10,1818,0.7214285714285714,5,0.4014885906956866,0.44688212871551514
d12-s10,1818,0.7214285714285714,6,0.44897085493649713,0.40870410203933716
d12-s10,1818,0.7214285714285714,7,0.3872910713790779,0.4509270489215851
d12-s10,1919,0.7615079365079365,0,0.3109187907844632,0.42617520689964294
d12-s10,1919,0.7615079365079365,1,0.476761390701014,0.5138180255889893
d12-s10,1919,0.7615079365079365,2,0.3589709272744458,0.44460320472717285
d12-s10,1919,0.7615079365079365,3,0.41919540466899,0.5623689293861389
d12-s10,1919,0.7615079365079365,4,0.4327803672675396,0.5343685150146484
d12-s10,1919,0.7615079365079365,5,0.39254158621859087,0.4791956841945648
d12-s10,1919,0.7615079365079365,6,0.4444088766205811,0.508316695690155
d12-s10,1919,0.7615079365079365,7,0.41899671925598947,0.5062787532806396
d12-s10,2020,0.8015873015873016,0,0.43258551488010744,0.49039196968078613
d12-s10,2020,0.8015873015873016,1,0.3572616127594292,0.4526563584804535
d12-s10,2020,0.8015873015873016,2,0.3511056027001136,0.4504631459712982
d12-s10,2020,0.8015873015873016,3,0.3721977609776317,0.4799744784832001
d12-s10,2020,0.8015873015873016,4,0.442397838442602,0.8145002126693726
d12-s10,2020,0.8015873015873016,5,0.41065596698372964,0.5147011876106262
d12-s10,2020,0.8015873015873016,6,0.3903372177419986,0.44924691319465637
d12-s10,2020,0.8015873015873016,7,0.43980754237341374,0.48874959349632263
d12-s10,2121,0.8416666666666667,0,0.37632805097655037,0.4630964994430542
d12-s10,2121,0.8416666666666667,1,0.3624289214658863,0.45101189613342285
d12-s10,2121,0.8416666666666667,2,0.4076440943946582,0.43092089891433716
d12-s10,2121,0.8416666666666667,3,0.3878771865632245,0.44647523760795593
d12-s10,2121,0.8416666666666667,4,0.42341686765305864,0.4424453675746918
d12-s10,2121,0.8416666666666667,5,0.38699422781385767,0.46366554498672485
d12-s10,2121,0.8416666666666667,6,0.4298370582284928,0.4562116265296936
d12-s10,2121,0.8416666666666667,7,0.4388276758264988,0.47861871123313904
d12-s10,2222,0.8817460317460317,0,0.36339204142109943,0.432024747133255
d12-s10,2222,0.8817460317460317,1,0.41078799027007734,0.4566410481929779
d12-s10,2222,0.8817460317460317,2,0.33125718541681104,0.4714518189430237
d12-s10,2222,0.8817460317460317,3,0.3320767169079075,0.4641711711883545
d12-s10,2222,0.8817460317460317,4,0.41642249246056595,0.5742836594581604
d12-s10,2222,0.8817460317460317,5,0.35554779356744415,0.4076492190361023
d12-s10,2222,0.8817460317460317,6,0.36869179291151194,0.45068246126174927
d12-s10,2222,0.8817460317460317,7,0.35481622262568024,0.5310491919517517
d12-s10,2323,0.9218253968253968,0,0.3526483110937678,0.5068248510360718
d12-s10,2323,0.9218253968253968,1,0.33156440313902913,0.43738776445388794
d12-s10,2323,0.9218253968253968,2,0.3545572579085238,0.5673385262489319
d12-s10,2323,0.9218253968253968,3,0.38042351881916386,0.49429187178611755
d12-s10,2323,0.9218253968253968,4,0.3456042056321444,0.4723612368106842
d12-s10,2323,0.9218253968253968,5,0.33844703613203564,0.4729540944099426
d12-s10,2323,0.9218253968253968,6,0.36786774929835414,0.4553107023239136
d12-s10,2323,0.9218253968253968,7,0.37752505365360295,0.46308451890945435
d12-s10,2424,0.9619047619047619,0,0.39519473117385295,0.5004998445510864
d12-s10,2424,0.9619047619047619,1,0.32981441421626156,0.4647682011127472
d12-s10,2424,0.9619047619047619,2,0.3460947941571432,0.4326108694076538
d12-s10,2424,0.9619047619047619,3,0.38451141618366835,0.4720004200935364
d12-s10,2424,0.9619047619047619,4,0.3419622757763379,0.44191959500312805
d12-s10,2424,0.9619047619047619,5,0.35518577533553364,0.42423322796821594
d12-s10,2424,0.9619047619047619,6,0.36906623557329793,0.4691946506500244
d12-s10,2424,0.9619047619047619,7,0.36616786411301894,0.4922865331172943
d12-s11,0,0.0,0,0.6029377237873186,0.2358689308166504
d12-s11,0,0.0,1,0.6270658575911762,0.32888638973236084
d12-s11,0,0.0,2,0.5650187390292726,0.28101325035095215
d12-s11,0,0.0,3,0.5540914711894498,0.26364871859550476
d12-s11,0,0.0,4,0.6281794934496694,0.2560873031616211
d12-s11,0,0.0,5,0.6294000267175774,0.2246885448694229
d12-s11,0,0.0,6,0.553819671197382,0.2251918762922287
d12-s11,0,0.0,7,0.6503120236751417,0.28106608986854553
d12-s11,101,0.04007936507936508,0,0.5214672912617638,0.13254016637802124
d12-s11,101,0.04007936507936508,1,0.4993874510397363,0.1197662502527237
d12-s11,101,0.04007936507936508,2,0.5212845910277324,0.12259523570537567
d12-s11,101,0.04007936507936508,3,0.5166431225561102,0.12413540482521057
d12-s11,101,0.04007936507936508,4,0.5247782562928789,0.16334250569343567
d12-s11,101,0.04007936507936508,5,0.523456164642158,0.1324130892753601
d12-s11,101,0.04007936507936508,6,0.5200260559958325,0.12488596141338348
d12-s11,101,0.04007936507936508,7,0.4592975124955939,0.12299685925245285
d12-s11,202,0.08015873015873017,0,0.5988136939997436,0.2506420612335205
d12-s11,202,0.08015873015873017,1,0.6007562968212317,0.2510676085948944
d12-s11,202,0.08015873015873017,2,0.5927971292986426,0.29308223724365234
d12-s11,202,0.08015873015873017,3,0.5994834213458649,0.3182287812232971
d12-s11,202,0.08015873015873017,4,0.598119100874679,0.26919007301330566
d12-s11,202,0.08015873015873017,5,0.4843772588470284,0.2485920786857605
d12-s11,202,0.08015873015873017,6,0.6584206859652816,0.3252352774143219
d12-s11,202,0.08015873015873017,7,0.6128621475523846,0.2808286249637604
d12-s11,303,0.12023809523809524,0,0.4387361624778822,0.21497617661952972
d12-s11,303,0.12023809523809524,1,0.4201904015667488,0.19523827731609344
d12-s11,303,0.12023809523809524,2,0.5142200237928092,0.22775910794734955
d12-s11,303,0.12023809523809524,3,0.5155990550664161,0.2213905304670334
d12-s11,303,0.12023809523809524,4,0.566838671583612,0.24938476085662842
d12-s11,303,0.12023809523809524,5,0.5377488010232513,0.2837027609348297
d12-s11,303,0.12023809523809524,6,0.5652012238092272,0.3592979907989502
d12-s11,303,0.12023809523809524,7,0.48692813580590216,0.23693513870239258
d12-s11,404,0.16031746031746033,0,0.633106541092721,0.27537116408348083
d12-s11,404,0.16031746031746033,1,0.5731968984764605,0.2533847987651825
d12-s11,404,0.16031746031746033,2,0.6083527542351777,0.27262410521507263
d12-s11,404,0.16031746031746033,3,0.6248849080927096,0.2755453884601593
d12-s11,404,0.16031746031746033,4,0.6030924215901118,0.30436190962791443
d12-s11,404,0.16031746031746033,5,0.49589344089547793,0.23134756088256836
d12-s11,404,0.16031746031746033,6,0.5968286393808393,0.25443235039711
d12-s11,404,0.16031746031746033,7,0.5606821333384525,0.24226000905036926
d12-s11,505,0.2003968253968254,0,0.48156840624330943,0.17989549040794373
d12-s11,505,0.2003968253968254,1,0.49793367788199844,0.193451389670372
d12-s11,505,0.2003968253968254,2,0.5349311173931194,0.20489491522312164
d12-s11,505,0.2003968253968254,3,0.5051712881492116,0.1888061910867691
d12-s11,505,0.2003968253968254,4,0.5132053073447783,0.21928614377975464
d12-s11,505,0.2003968253968254,5,0.5272690185054024,0.21294279396533966
d12-s11,505,0.2003968253968254,6,0.4723022030697792,0.19740888476371765
d12-s11,505,0.2003968253968254,7,0.5170099142241926,0.1985977441072464
d12-s11,606,0.24047619047619048,0,0.5547982860112712,0.23467816412448883
d12-s11,606,0.24047619047619048,1,0.5822206248270261,0.23694083094596863
d12-s11,606,0.24047619047619048,2,0.5061091913976827,0.2105170339345932
d12-s11,606,0.24047619047619048,3,0.5020636209822753,0.18662260472774506
d12-s11,606,0.24047619047619048,4,0.5746935191757885,0.22009356319904327
d12-s11,606,0.24047619047619048,5,0.5114916818748958,0.1747066080570221
d12-s11,606,0.24047619047619048,6,0.554832098907531,0.20938852429389954
d12-s11,606,0.24047619047619048,7,0.5528739146842383,0.22047853469848633
d12-s11,707,0.28055555555555556,0,0.6481050288277371,0.292272686958313
d12-s11,707,0.28055555555555556,1,0.5685649360547713,0.2625231146812439
d12-s11,707,0.28055555555555556,2,0.6672789452330062,0.3666142523288727
d12-s11,707,0.28055555555555556,3,0.6486590731698862,0.34319862723350525
d12-s11,707,0.28055555555555556,4,0.599553026929062,0.27490493655204773
d12-s11,707,0.28055555555555556,5,0.6104981376740822,0.2771253287792206
d12-s11,707,0.28055555555555556,6,0.6556013320635701,0.3122712969779968
d12-s11,707,0.28055555555555556,7,0.5110821635204384,0.21101413667201996
d12-s11,808,0.32063492063492066,0,0.5782898009140719,0.2549416422843933
d12-s11,808,0.32063492063492066,1,0.5923976478685596,0.2805106043815613
d12-s11,808,0.32063492063492066,2,0.5637306174180318,0.25191569328308105
d12-s11,808,0.32063492063492066,3,0.5702055792303048,0.23474712669849396
d12-s11,808,0.32063492063492066,4,0.5336370287931612,0.23103906214237213
d12-s11,808,0.32063492063492066,5,0.48333197311866427,0.2477126121520996
d12-s11,808,0.32063492063492066,6,0.5302686305380288,0.24388433992862701
d12-s11,808,0.32063492063492066,7,0.5514670123438141,0.22873041033744812
d12-s11,909,0.3607142857142857,0,0.5908675887747885,0.34726065397262573
d12-s11,909,0.3607142857142857,1,0.5023426814321391,0.28054943680763245
d12-s11,909,0.3607142857142857,2,0.5068350022958953,0.31026485562324524
d12-s11,909,0.3607142857142857,3,0.5179436514755887,0.2688019573688507
d12-s11,909,0.3607142857142857,4,0.5313861090819878,0.2993932366371155
d12-s11,909,0.3607142857142857,5,0.533886859180007,0.2799013555049896
d12-s11,909,0.3607142857142857,6,0.5535562936354281,0.29410117864608765
d12-s11,909,0.3607142857142857,7,0.5946642529533265,0.46775636076927185
d12-s11,1010,0.4007936507936508,0,0.5731792806046166,0.3411283493041992
d12-s11,1010,0.4007936507936508,1,0.6086017165370923,0.3496229946613312
d12-s11,1010,0.4007936507936508,2,0.5624600577713242,0.4598252773284912
d12-s11,1010,0.4007936507936508,3,0.5715094684771991,0.40981292724609375
d12-s11,1010,0.4007936507936508,4,0.5248448067189893,0.34381991624832153
d12-s11,1010,0.4007936507936508,5,0.5667601766566082,0.36014002561569214
d12-s11,1010,0.4007936507936508,6,0.5494414958070025,0.3004654347896576
d12-s11,1010,0.4007936507936508,7,0.5314087125959596,0.34047621488571167
d12-s11,1111,0.44087301587301586,0,0.5212698266387016,0.35079559683799744
d12-s11,1111,0.44087301587301586,1,0.5298325823481531,0.3475506901741028
d12-s11,1111,0.44087301587301586,2,0.49289816659467234,0.4356151819229126
d12-s11,1111,0.44087301587301586,3,0.5488321275425959,0.4025028645992279
d12-s11,1111,0.44087301587301586,4,0.5879576823913394,0.3913063108921051
d12-s11,1111,0.44087301587301586,5,0.5423947508283746,0.326466828584671
d12-s11,1111,0.44087301587301586,6,0.5549615314270423,0.4218684732913971
d12-s11,1111,0.44087301587301586,7,0.5075835296889892,0.3425506055355072
d12-s11,1212,0.48095238095238096,0,0.5478554840742138,0.5471298694610596
d12-s11,1212,0.48095238095238096,1,0.5493787281935497,0.504635214805603
d12-s11,1212,0.48095238095238096,2,0.5386923724918307,0.4804946184158325
d12-s11,1212,0.48095238095238096,3,0.5246857195313446,0.3807865381240845
d12-s11,1212,0.48095238095238096,4,0.5821482646682358,0.41775941848754883
d12-s11,1212,0.48095238095238096,5,0.5775699994436416,0.46783682703971863
d12-s11,1212,0.48095238095238096,6,0.5595345683126459,0.44648733735084534
d12-s11,1212,0.48095238095238096,7,0.5755325289843902,0.5594190359115601
d12-s11,1313,0.5210317460317461,0,0.5251205336649758,0.44704198837280273
d12-s11,1313,0.5210317460317461,1,0.5567707375498187,0.47895199060440063
d12-s11,1313,0.5210317460317461,2,0.4881686252015823,0.46769577264785767
d12-s11,1313,0.5210317460317461,3,0.46910968790936936,0.49480924010276794
d12-s11,1313,0.5210317460317461,4,0.5670544996446126,0.4406805634498596
d12-s11,1313,0.5210317460317461,5,0.47694155734420635,0.4137805104255676
d12-s11,1313,0.5210317460317461,6,0.41776755289419254,0.4115414321422577
d12-s11,1313,0.5210317460317461,7,0.5596114677910817,0.4746319651603699
d12-s11,1414,0.5611111111111111,0,0.5612719797882073,0.4581257104873657
d12-s11,1414,0.5611111111111111,1,0.47125791438800535,0.4120493531227112
d12-s11,1414,0.5611111111111111,2,0.457250040508698,0.504155158996582
d12-s11,1414,0.5611111111111111,3,0.5393669030081519,0.4887346625328064
d12-s11,1414,0.5611111111111111,4,0.5312458146603946,0.516264796257019
d12-s11,1414,0.5611111111111111,5,0.3826108234487209,0.4216928482055664
d12-s11,1414,0.5611111111111111,6,0.533974738989763,0.47363874316215515
d12-s11,1414,0.5611111111111111,7,0.5265201189556732,0.46794068813323975
d12-s11,1515,0.6011904761904762,0,0.4371375679653678,0.5360667109489441
d12-s11,1515,0.6011904761904762,1,0.5331400866704935,0.5456976890563965
d12-s11,1515,0.6011904761904762,2,0.47391498630253964,0.4657134711742401
d12-s11,1515,0.6011904761904762,3,0.5943248911638763,0.646520733833313
d12-s11,1515,0.6011904761904762,4,0.49590679860381653,0.49868497252464294
d12-s11,1515,0.6011904761904762,5,0.5358251918126775,0.4522143304347992
d12-s11,1515,0.6011904761904762,6,0.5262842927952595,0.5037720799446106
d12-s11,1515,0.6011904761904762,7,0.5577165602304602,0.5101887583732605
d12-s11,1616,0.6412698412698413,0,0.5573252316078069,0.635570228099823
d12-s11,1616,0.6412698412698413,1,0.4919997515474703,0.5425428748130798
d12-s11,1616,0.6412698412698413,2,0.5320639584283068,0.5660993456840515
d12-s11,1616,0.6412698412698413,3,0.4976266111778372,0.5017212629318237
d12-s11,1616,0.6412698412698413,4,0.5442161805179231,0.540134608745575
d12-s11,1616,0.6412698412698413,5,0.47170466078145823,0.5172438025474548
d12-s11,1616,0.6412698412698413,6,0.46696291842569354,0.6093276143074036
d12-s11,1616,0.6412698412698413,7,0.41166383212766877,0.5171371102333069
d12-s11,1717,0.6813492063492064,0,0.4937843972387447,0.6129907369613647
d12-s11,1717,0.6813492063492064,1,0.46096275200131226,0.6518222093582153
d12-s11,1717,0.6813492063492064,2,0.4561020318604115,0.5965743660926819
d12-s11,1717,0.6813492063492064,3,0.4149464706996817,0.5668643712997437
d12-s11,1717,0.6813492063492064,4,0.41549505287299854,0.4532184302806854
d12-s11,1717,0.6813492063492064,5,0.4261043892555928,0.5031446814537048
d12-s11,1717,0.6813492063492064,6,0.4178214171633544,0.4939011335372925
d12-s11,1717,0.6813492063492064,7,0.42569831030582805,0.5405457019805908
d12-s11,1818,0.7214285714285714,0,0.4165421227263086,0.5647332668304443
d12-s11,1818,0.7214285714285714,1,0.4961211107140132,0.5828598737716675
d12-s11,1818,0.7214285714285714,2,0.45711319578463083,0.5099697709083557
d12-s11,1818,0.7214285714285714,3,0.49820556007978406,0.6114750504493713
d12-s11,1818,0.7214285714285714,4,0.4750538485697224,0.6098597049713135
d12-s11,1818,0.7214285714285714,5,0.42088745036404196,0.5336607098579407
d12-s11,1818,0.7214285714285714,6,0.44917583765201163,0.48055434226989746
d12-s11,1818,0.7214285714285714,7,0.4837747479156197,0.5969802737236023
d12-s11,1919,0.7615079365079365,0,0.3676555328962063,0.4867112636566162
d12-s11,1919,0.7615079365079365,1,0.45975167736332606,0.5585848689079285
d12-s11,1919,0.7615079365079365,2,0.3526755827572071,0.4855644404888153
d12-s11,1919,0.7615079365079365,3,0.38687234925031017,0.6670114398002625
d12-s11,1919,0.7615079365079365,4,0.39492179868095384,0.6161639094352722
d12-s11,1919,0.7615079365079365,5,0.40037607419766474,0.5368101000785828
d12-s11,1919,0.7615079365079365,6,0.41969186493690686,0.5491552352905273
d12-s11,1919,0.7615079365079365,7,0.3701860146010338,0.5471314191818237
d12-s11,2020,0.8015873015873016,0,0.4421400124968918,0.6040083765983582
d12-s11,2020,0.8015873015873016,1,0.3229572727412115,0.5086368918418884
d12-s11,2020,0.8015873015873016,2,0.32121501009510967,0.5142602324485779
d12-s11,2020,0.8015873015873016,3,0.34511770822665894,0.5375638604164124
d12-s11,2020,0.8015873015873016,4,0.4453173013328491,1.0182878971099854
d12-s11,2020,0.8015873015873016,5,0.4389089055490715,0.6534081697463989
d12-s11,2020,0.8015873015873016,6,0.39612324442154856,0.5017126202583313
d12-s11,2020,0.8015873015873016,7,0.44186938659151187,0.5505431890487671
d12-s11,2121,0.8416666666666667,0,0.3622755578904255,0.5118473768234253
d12-s11,2121,0.8416666666666667,1,0.3728355386309065,0.4965139627456665
d12-s11,2121,0.8416666666666667,2,0.437016206389855,0.4692639708518982
d12-s11,2121,0.8416666666666667,3,0.40006890037235143,0.4809141755104065
d12-s11,2121,0.8416666666666667,4,0.44522272023790666,0.5121156573295593
d12-s11,2121,0.8416666666666667,5,0.4069111974672141,0.5166764259338379
d12-s11,2121,0.8416666666666667,6,0.43665044180255047,0.5387559533119202
d12-s11,2121,0.8416666666666667,7,0.47933192679132586,0.5549900531768799
d12-s11,2222,0.8817460317460317,0,0.37625965041946724,0.48597195744514465
d12-s11,2222,0.8817460317460317,1,0.40175007919708294,0.5058126449584961
d12-s11,2222,0.8817460317460317,2,0.3533590690837869,0.5282577872276306
d12-s11,2222,0.8817460317460317,3,0.3037370345484252,0.4843490421772003
d12-s11,2222,0.8817460317460317,4,0.43584551446733727,0.6565207242965698
d12-s11,2222,0.8817460317460317,5,0.36712319854068587,0.43273571133613586
d12-s11,2222,0.8817460317460317,6,0.38287060355737984,0.4942528307437897
d12-s11,2222,0.8817460317460317,7,0.3512726028729655,0.5687679052352905
d12-s11,2323,0.9218253968253968,0,0.38736826330055807,0.6075770258903503
d12-s11,2323,0.9218253968253968,1,0.36228892170170907,0.5050451755523682
d12-s11,2323,0.9218253968253968,2,0.38131819326958705,0.5807976722717285
d12-s11,2323,0.9218253968253968,3,0.3513962358089244,0.5217452645301819
d12-s11,2323,0.9218253968253968,4,0.3556173491545654,0.5177373886108398
d12-s11,2323,0.9218253968253968,5,0.30315701541556095,0.5025367140769958
d12-s11,2323,0.9218253968253968,6,0.3764625131474299,0.5021181702613831
d12-s11,2323,0.9218253968253968,7,0.3831990140970641,0.5326873660087585
d12-s11,2424,0.9619047619047619,0,0.3948969854801222,0.5828897356987
d12-s11,2424,0.9619047619047619,1,0.3481029692227297,0.48980146646499634
d12-s11,2424,0.9619047619047619,2,0.37049949899367257,0.4861910343170166
d12-s11,2424,0.9619047619047619,3,0.4058152592585883,0.4916180670261383
d12-s11,2424,0.9619047619047619,4,0.3350060619975156,0.5112124085426331
d12-s11,2424,0.9619047619047619,5,0.35810330330521734,0.45180127024650574
d12-s11,2424,0.9619047619047619,6,0.3868616496092916,0.5054780840873718
d12-s11,2424,0.9619047619047619,7,0.3600323696139216,0.55928635597229
d12-s7,0,0.0,0,0.6111234012796398,0.23063404858112335
d12-s7,0,0.0,1,0.6467288212216588,0.3278404474258423
d12-s7,0,0.0,2,0.5748349212726499,0.2840330898761749
d12-s7,0,0.0,3,0.5688937082319864,0.26391565799713135
d12-s7,0,0.0,4,0.6585090736762832,0.25366440415382385
d12-s7,0,0.0,5,0.6433685599983658,0.2223999947309494
d12-s7,0,0.0,6,0.5711227230478368,0.22556640207767487
d12-s7,0,0.0,7,0.6586680504846866,0.27820199728012085
d12-s7,101,0.04007936507936508,0,0.596202591916994,0.20443491637706757
d12-s7,101,0.04007936507936508,1,0.5525755831933711,0.16768987476825714
d12-s7,101,0.04007936507936508,2,0.5266150127609165,0.16134797036647797
d12-s7,101,0.04007936507936508,3,0.5766552617362635,0.1869131475687027
d12-s7,101,0.04007936507936508,4,0.6010554676630736,0.26255953311920166
d12-s7,101,0.04007936507936508,5,0.5672169917943841,0.19585467875003815
d12-s7,101,0.04007936507936508,6,0.5800181313950878,0.17950227856636047
d12-s7,101,0.04007936507936508,7,0.529359358890462,0.18563029170036316
d12-s7,202,0.08015873015873017,0,0.536578890792006,0.2767036259174347
d12-s7,202,0.08015873015873017,1,0.5563792568016629,0.2816994786262512
d12-s7,202,0.08015873015873017,2,0.5161366325286354,0.31504055857658386
d12-s7,202,0.08015873015873017,3,0.5080637362072576,0.31089478731155396
d12-s7,202,0.08015873015873017,4,0.5373946955140065,0.290153831243515
d12-s7,202,0.08015873015873017,5,0.4485686693945284,0.26856672763824463
d12-s7,202,0.08015873015873017,6,0.5447384760330821,0.29787957668304443
d12-s7,202,0.08015873015873017,7,0.5059789621261982,0.2711385488510132
d12-s7,303,0.12023809523809524,0,0.495070680649606,0.3070257902145386
d12-s7,303,0.12023809523809524,1,0.5165104123632762,0.27977973222732544
d12-s7,303,0.12023809523809524,2,0.5006067366156969,0.2925064265727997
d12-s7,303,0.12023809523809524,3,0.5252314986180174,0.2937965989112854
d12-s7,303,0.12023809523809524,4,0.5373503033332224,0.3041326105594635
d12-s7,303,0.12023809523809524,5,0.493930456317521,0.33722490072250366
d12-s7,303,0.12023809523809524,6,0.4783796328738389,0.39051803946495056
d12-s7,303,0.12023809523809524,7,0.48430122499188466,0.31088411808013916
d12-s7,404,0.16031746031746033,0,0.5461381028657305,0.2530975341796875
d12-s7,404,0.16031746031746033,1,0.5638484737614949,0.27367302775382996
d12-s7,404,0.16031746031746033,2,0.6104369604912693,0.29696667194366455
d12-s7,404,0.16031746031746033,3,0.608820587055462,0.28486359119415283
d12-s7,404,0.16031746031746033,4,0.6262025934961922,0.3419240415096283
d12-s7,404,0.16031746031746033,5,0.6130283237466697,0.3080041706562042
d12-s7,404,0.16031746031746033,6,0.6367587923543098,0.2963123619556427
d12-s7,404,0.16031746031746033,7,0.5734432197785794,0.2721898555755615
d12-s7,505,0.2003968253968254,0,0.6706622639421408,0.2519489824771881
d12-s7,505,0.2003968253968254,1,0.6833432636322121,0.29464900493621826
d12-s7,505,0.2003968253968254,2,0.6242740450677537,0.2389063835144043
d12-s7,505,0.2003968253968254,3,0.646841469960879,0.2509039342403412
d12-s7,505,0.2003968253968254,4,0.6664531137299217,0.2989271581172943
d12-s7,505,0.2003968253968254,5,0.6194615624420446,0.24391862750053406
d12-s7,505,0.2003968253968254,6,0.6795273154583397,0.27272292971611023
d12-s7,505,0.2003968253968254,7,0.6487567409710787,0.2571136951446533
d12-s7,606,0.24047619047619048,0,0.4861559438818869,0.23499931395053864
d12-s7,606,0.24047619047619048,1,0.5394049014613136,0.25017574429512024
d12-s7,606,0.24047619047619048,2,0.5188797613609007,0.231659933924675
d12-s7,606,0.24047619047619048,3,0.49019699088273067,0.20331153273582458
d12-s7,606,0.24047619047619048,4,0.5270666520143169,0.21846206486225128
d12-s7,606,0.24047619047619048,5,0.4648727806615205,0.1810791790485382
d12-s7,606,0.24047619047619048,6,0.4940099027794848,0.21284787356853485
d12-s7,606,0.24047619047619048,7,0.5421481048813916,0.2392856329679489
d12-s7,707,0.28055555555555556,0,0.5740912038394197,0.28178083896636963
d12-s7,707,0.28055555555555556,1,0.5959487196210879,0.297492653131485
d12-s7,707,0.28055555555555556,2,0.6116289876057838,0.3590357303619385
d12-s7,707,0.28055555555555556,3,0.6132999630434397,0.35687538981437683
d12-s7,707,0.28055555555555556,4,0.5702817707856987,0.2764820158481598
d12-s7,707,0.28055555555555556,5,0.616799889188503,0.31302404403686523
d12-s7,707,0.28055555555555556,6,0.6071578307491591,0.3099883794784546
d12-s7,707,0.28055555555555556,7,0.44281732317155575,0.22540418803691864
d12-s7,808,0.32063492063492066,0,0.5580299723528122,0.2933861315250397
d12-s7,808,0.32063492063492066,1,0.6551670028451212,0.3931772708892822
d12-s7,808,0.32063492063492066,2,0.6162471782191384,0.33922579884529114
d12-s7,808,0.32063492063492066,3,0.6002811641839796,0.30834636092185974
d12-s7,808,0.32063492063492066,4,0.6269958602434581,0.3594835698604584
d12-s7,808,0.32063492063492066,5,0.5787746120157742,0.37213677167892456
d12-s7,808,0.32063492063492066,6,0.5510165296070575,0.33020246028900146
d12-s7,808,0.32063492063492066,7,0.576099934902534,0.2825283110141754
d12-s7,909,0.3607142857142857,0,0.5899684215237968,0.4108809232711792
d12-s7,909,0.3607142857142857,1,0.5714723073733796,0.38852959871292114
d12-s7,909,0.3607142857142857,2,0.5694926439451516,0.40281349420547485
d12-s7,909,0.3607142857142857,3,0.546889093631674,0.3312336206436157
d12-s7,909,0.3607142857142857,4,0.5802512281058633,0.377971887588501
d12-s7,909,0.3607142857142857,5,0.5818676146488605,0.37660059332847595
d12-s7,909,0.3607142857142857,6,0.61314806031001,0.4016689658164978
d12-s7,909,0.3607142857142857,7,0.6493686182695898,0.6040875911712646
d12-s7,1010,0.4007936507936508,0,0.6145695712599203,0.4862344264984131
d12-s7,1010,0.4007936507936508,1,0.5909753991161257,0.39899349212646484
d12-s7,1010,0.4007936507936508,2,0.6823701548618738,0.6352263689041138
d12-s7,1010,0.4007936507936508,3,0.5998562296741852,0.4772583246231079
d12-s7,1010,0.4007936507936508,4,0.6809798227664471,0.5851022601127625
d12-s7,1010,0.4007936507936508,5,0.6237647666548537,0.5084418654441833
d12-s7,1010,0.4007936507936508,6,0.6258508652726382,0.4235246479511261
d12-s7,1010,0.4007936507936508,7,0.5457542701620326,0.40080514550209045
d12-s7,1111,0.44087301587301586,0,0.5865178822774416,0.4751107394695282
d12-s7,1111,0.44087301587301586,1,0.5395367990815667,0.44617170095443726
d12-s7,1111,0.44087301587301586,2,0.6222342832267427,0.6095288395881653
d12-s7,1111,0.44087301587301586,3,0.6645036183204053,0.6444263458251953
d12-s7,1111,0.44087301587301586,4,0.6241763419205978,0.49830153584480286
d12-s7,1111,0.44087301587301586,5,0.6760062187797125,0.4941328167915344
d12-s7,1111,0.44087301587301586,6,0.6273791186707288,0.516083300113678
d12-s7,1111,0.44087301587301586,7,0.6687551625163695,0.559202253818512
d12-s7,1212,0.48095238095238096,0,0.6326442212969136,0.7938501238822937
d12-s7,1212,0.48095238095238096,1,0.5893821956837528,0.6286064982414246
d12-s7,1212,0.48095238095238096,2,0.556621043395547,0.5868947505950928
d12-s7,1212,0.48095238095238096,3,0.4892445445555075,0.45403119921684265
d12-s7,1212,0.48095238095238096,4,0.5115095746472057,0.4823964834213257
d12-s7,1212,0.48095238095238096,5,0.618322685301015,0.6350151896476746
d12-s7,1212,0.48095238095238096,6,0.5393093114795744,0.5280802845954895
d12-s7,1212,0.48095238095238096,7,0.5577221490867348,0.6595231890678406
d12-s7,1313,0.5210317460317461,0,0.6017239687588347,0.6124719381332397
d12-s7,1313,0.5210317460317461,1,0.5765125002456686,0.5752976536750793
d12-s7,1313,0.5210317460317461,2,0.5579175894121078,0.572539746761322
d12-s7,1313,0.5210317460317461,3,0.5202051526648446,0.5600638389587402
d12-s7,1313,0.5210317460317461,4,0.6278873796318332,0.6374893188476562
d12-s7,1313,0.5210317460317461,5,0.6284143002035468,0.6059862971305847
d12-s7,1313,0.5210317460317461,6,0.6386770376094861,0.676201581954956
d12-s7,1313,0.5210317460317461,7,0.5891545606629884,0.5903691053390503
d12-s7,1414,0.5611111111111111,0,0.6347185895756426,0.6246840357780457
d12-s7,1414,0.5611111111111111,1,0.5416987214782367,0.5892968773841858
d12-s7,1414,0.5611111111111111,2,0.5731948326379279,0.7367571592330933
d12-s7,1414,0.5611111111111111,3,0.536435340403619,0.613091230392456
d12-s7,1414,0.5611111111111111,4,0.5410802187237685,0.6955349445343018
d12-s7,1414,0.5611111111111111,5,0.521017214697166,0.6492015719413757
d12-s7,1414,0.5611111111111111,6,0.5962241733866671,0.6572209000587463
d12-s7,1414,0.5611111111111111,7,0.5316974625233712,0.617730438709259
d12-s7,1515,0.6011904761904762,0,0.528537001834745,0.7599730491638184
d12-s7,1515,0.6011904761904762,1,0.6492944878095589,0.8159533143043518
d12-s7,1515,0.6011904761904762,2,0.5099346661060031,0.6369162201881409
d12-s7,1515,0.6011904761904762,3,0.5938146151744869,0.7792971730232239
d12-s7,1515,0.6011904761904762,4,0.48499931408875857,0.5988447666168213
d12-s7,1515,0.6011904761904762,5,0.5673119833559879,0.5480499863624573
d12-s7,1515,0.6011904761904762,6,0.5412797498982574,0.6165463328361511
d12-s7,1515,0.6011904761904762,7,0.5701735071961587,0.6317933797836304
d12-s7,1616,0.6412698412698413,0,0.5209577988482051,0.730588972568512
d12-s7,1616,0.6412698412698413,1,0.4604014566695932,0.6143719553947449
d12-s7,1616,0.6412698412698413,2,0.4673607994114951,0.6251952052116394
d12-s7,1616,0.6412698412698413,3,0.4564080614544253,0.605534553527832
d12-s7,1616,0.6412698412698413,4,0.48266557667302623,0.6088829636573792
d12-s7,1616,0.6412698412698413,5,0.4358503010661865,0.5871508717536926
d12-s7,1616,0.6412698412698413,6,0.49608166883863575,0.7537117004394531
d12-s7,1616,0.6412698412698413,7,0.4451289295215748,0.6560183167457581
d12-s7,1717,0.6813492063492064,0,0.46388995569842023,0.6715856194496155
d12-s7,1717,0.6813492063492064,1,0.43586073788064944,0.6995276808738708
d12-s7,1717,0.6813492063492064,2,0.5142051867377572,0.743730366230011
d12-s7,1717,0.6813492063492064,3,0.5004005217408535,0.6904913783073425
d12-s7,1717,0.6813492063492064,4,0.3865735520473762,0.507859468460083
d12-s7,1717,0.6813492063492064,5,0.3845419281918018,0.5286468863487244
d12-s7,1717,0.6813492063492064,6,0.44123609555033677,0.5657195448875427
d12-s7,1717,0.6813492063492064,7,0.44566562870296333,0.6272860169410706
d12-s7,1818,0.7214285714285714,0,0.4881359842228819,0.6653146147727966
d12-s7,1818,0.7214285714285714,1,0.5104638153640364,0.6595233678817749
d12-s7,1818,0.7214285714285714,2,0.4955275679159949,0.631537675857544
d12-s7,1818,0.7214285714285714,3,0.5825204773790027,0.8264634013175964
d12-s7,1818,0.7214285714285714,4,0.5359205530242731,0.7391512989997864
d12-s7,1818,0.7214285714285714,5,0.4543326632897471,0.5957940220832825
d12-s7,1818,0.7214285714285714,6,0.46118787823402857,0.5469412207603455
d12-s7,1818,0.7214285714285714,7,0.4405625330553934,0.6719090342521667
d12-s7,1919,0.7615079365079365,0,0.37494328500396323,0.5382306575775146
d12-s7,1919,0.7615079365079365,1,0.4979353413054005,0.6451312899589539
d12-s7,1919,0.7615079365079365,2,0.41679709143593374,0.594515860080719
d12-s7,1919,0.7615079365079365,3,0.4037782757360421,0.7553471326828003
d12-s7,1919,0.7615079365079365,4,0.46722419118572117,0.69492506980896
d12-s7,1919,0.7615079365079365,5,0.37823098610836614,0.5621536374092102
d12-s7,1919,0.7615079365079365,6,0.4452583674297369,0.6335547566413879
d12-s7,1919,0.7615079365079365,7,0.3269401790134211,0.586445689201355
d12-s7,2020,0.8015873015873016,0,0.48205103224561724,0.6967728734016418
d12-s7,2020,0.8015873015873016,1,0.4163131812095253,0.631318986415863
d12-s7,2020,0.8015873015873016,2,0.36475506317215256,0.5793489813804626
d12-s7,2020,0.8015873015873016,3,0.343585676082538,0.61672043800354
d12-s7,2020,0.8015873015873016,4,0.46188351406269834,1.129194736480713
d12-s7,2020,0.8015873015873016,5,0.39362064826429116,0.699755847454071
d12-s7,2020,0.8015873015873016,6,0.41779060961193204,0.5939542651176453
d12-s7,2020,0.8015873015873016,7,0.41484969408540845,0.6359317302703857
d12-s7,2121,0.8416666666666667,0,0.35359700667354166,0.5698257684707642
d12-s7,2121,0.8416666666666667,1,0.3680209327175679,0.5620020031929016
d12-s7,2121,0.8416666666666667,2,0.42647397647338375,0.5249500870704651
d12-s7,2121,0.8416666666666667,3,0.36914882201927596,0.5285212993621826
d12-s7,2121,0.8416666666666667,4,0.43035283436278776,0.548637330532074
d12-s7,2121,0.8416666666666667,5,0.3906344890435748,0.5690470933914185
d12-s7,2121,0.8416666666666667,6,0.4428124432430559,0.5926148295402527
d12-s7,2121,0.8416666666666667,7,0.4436636686601271,0.6417236924171448
d12-s7,2222,0.8817460317460317,0,0.35773153199179475,0.5545055270195007
d12-s7,2222,0.8817460317460317,1,0.37001810923042144,0.5731538534164429
d12-s7,2222,0.8817460317460317,2,0.334411096849439,0.6007751822471619
d12-s7,2222,0.8817460317460317,3,0.3170313057130937,0.5504931211471558
d12-s7,2222,0.8817460317460317,4,0.4131925184783595,0.7406532168388367
d12-s7,2222,0.8817460317460317,5,0.3635816156835432,0.49906057119369507
d12-s7,2222,0.8817460317460317,6,0.37318753442397146,0.5578683018684387
d12-s7,2222,0.8817460317460317,7,0.3746408774127254,0.6472090482711792
d12-s7,2323,0.9218253968253968,0,0.4081746585724136,0.6715818643569946
d12-s7,2323,0.9218253968253968,1,0.37413452635860883,0.5744563341140747
d12-s7,2323,0.9218253968253968,2,0.3515693265493561,0.6834602952003479
d12-s7,2323,0.9218253968253968,3,0.3622908980857966,0.5838624238967896
d12-s7,2323,0.9218253968253968,4,0.3751183132000329,0.5814899206161499
d12-s7,2323,0.9218253968253968,5,0.30599654336395654,0.5638390183448792
d12-s7,2323,0.9218253968253968,6,0.35985250134202795,0.5561503171920776
d12-s7,2323,0.9218253968253968,7,0.35250911289658454,0.5677542686462402
d12-s7,2424,0.9619047619047619,0,0.3983160814108874,0.6445846557617188
d12-s7,2424,0.9619047619047619,1,0.31030002799961903,0.5505173802375793
d12-s7,2424,0.9619047619047619,2,0.36694428365649423,0.5525937676429749
d12-s7,2424,0.9619047619047619,3,0.39094016268532944,0.5812186598777771
d12-s7,2424,0.9619047619047619,4,0.34344980057028246,0.573523759841919
d12-s7,2424,0.9619047619047619,5,0.36781620794560677,0.5127578973770142
d12-s7,2424,0.9619047619047619,6,0.4132638646981854,0.553856611251831
d12-s7,2424,0.9619047619047619,7,0.33710174115142283,0.6027042269706726
d12-s8,0,0.0,0,0.6183836500957537,0.23332852125167847
d12-s8,0,0.0,1,0.6228751978249089,0.32507920265197754
d12-s8,0,0.0,2,0.582076853901042,0.2819775938987732
d12-s8,0,0.0,3,0.5525638901914351,0.2635263502597809
d12-s8,0,0.0,4,0.6463916667777744,0.2549075782299042
d12-s8,0,0.0,5,0.6334651675799701,0.22309845685958862
d12-s8,0,0.0,6,0.5318681308817045,0.22592996060848236
d12-s8,0,0.0,7,0.6531746594820029,0.2792193591594696
d12-s8,101,0.04007936507936508,0,0.5050893276824467,0.1468759924173355
d12-s8,101,0.04007936507936508,1,0.5059936758531822,0.14438176155090332
d12-s8,101,0.04007936507936508,2,0.5026570164488878,0.15041513741016388
d12-s8,101,0.04007936507936508,3,0.5122998592642488,0.1482657790184021
d12-s8,101,0.04007936507936508,4,0.5317170394634593,0.18210352957248688
d12-s8,101,0.04007936507936508,5,0.5526196548691743,0.16324935853481293
d12-s8,101,0.04007936507936508,6,0.499957315607058,0.1447174996137619
d12-s8,101,0.04007936507936508,7,0.5305356713048913,0.16670477390289307
d12-s8,202,0.08015873015873017,0,0.6359118475442415,0.30732643604278564
d12-s8,202,0.08015873015873017,1,0.6537805116384653,0.3209628164768219
d12-s8,202,0.08015873015873017,2,0.6228225407034247,0.3567546606063843
d12-s8,202,0.08015873015873017,3,0.6362206394691937,0.3678950369358063
d12-s8,202,0.08015873015873017,4,0.6031578234074931,0.3188430964946747
d12-s8,202,0.08015873015873017,5,0.5928808402637468,0.3077649772167206
d12-s8,202,0.08015873015873017,6,0.6741957514118656,0.3581291735172272
d12-s8,202,0.08015873015873017,7,0.5936203946327028,0.2953992784023285
d12-s8,303,0.12023809523809524,0,0.6329622743292674,0.3353731334209442
d12-s8,303,0.12023809523809524,1,0.5865207116887603,0.28462138772010803
d12-s8,303,0.12023809523809524,2,0.6039990534182668,0.30942919850349426
d12-s8,303,0.12023809523809524,3,0.6301701508223746,0.3247499465942383
d12-s8,303,0.12023809523809524,4,0.6765132328318132,0.3634464740753174
d12-s8,303,0.12023809523809524,5,0.5907476113406175,0.37317830324172974
d12-s8,303,0.12023809523809524,6,0.5373986940544604,0.4137730598449707
d12-s8,303,0.12023809523809524,7,0.5600787440962551,0.3147048056125641
d12-s8,404,0.16031746031746033,0,0.47476752476851936,0.22578777372837067
d12-s8,404,0.16031746031746033,1,0.48047692020861504,0.23188063502311707
d12-s8,404,0.16031746031746033,2,0.4682483277690163,0.2268030345439911
d12-s8,404,0.16031746031746033,3,0.4876164779459437,0.22821757197380066
d12-s8,404,0.16031746031746033,4,0.4630269475023963,0.2387963980436325
d12-s8,404,0.16031746031746033,5,0.4981581694156554,0.24507109820842743
d12-s8,404,0.16031746031746033,6,0.4967488010846576,0.2248443365097046
d12-s8,404,0.16031746031746033,7,0.4533791023921797,0.21543079614639282
d12-s8,505,0.2003968253968254,0,0.5525996891644338,0.22432421147823334
d12-s8,505,0.2003968253968254,1,0.5415062283516079,0.23330605030059814
d12-s8,505,0.2003968253968254,2,0.4862469612526631,0.2120436728000641
d12-s8,505,0.2003968253968254,3,0.5564467691485118,0.22334250807762146
d12-s8,505,0.2003968253968254,4,0.5593901586666243,0.262239545583725
d12-s8,505,0.2003968253968254,5,0.4920476891468324,0.2191767692565918
d12-s8,505,0.2003968253968254,6,0.5477857521752103,0.23038998246192932
d12-s8,505,0.2003968253968254,7,0.5609234492027799,0.23127350211143494
d12-s8,606,0.24047619047619048,0,0.5084705297148029,0.22376267611980438
d12-s8,606,0.24047619047619048,1,0.4918958573564628,0.2121952623128891
d12-s8,606,0.24047619047619048,2,0.5520435391406864,0.2278895527124405
d12-s8,606,0.24047619047619048,3,0.5062029670132426,0.19312968850135803
d12-s8,606,0.24047619047619048,4,0.500421978572437,0.1915319412946701
d12-s8,606,0.24047619047619048,5,0.4987726887832376,0.17829464375972748
d12-s8,606,0.24047619047619048,6,0.5397063251895489,0.20871321856975555
d12-s8,606,0.24047619047619048,7,0.5277966110458192,0.21276730298995972
d12-s8,707,0.28055555555555556,0,0.5286200017361077,0.2238241583108902
d12-s8,707,0.28055555555555556,1,0.503224559577019,0.2268756628036499
d12-s8,707,0.28055555555555556,2,0.5643416717646509,0.2994427978992462
d12-s8,707,0.28055555555555556,3,0.5665938149940545,0.2764683663845062
d12-s8,707,0.28055555555555556,4,0.5061359942283236,0.22292792797088623
d12-s8,707,0.28055555555555556,5,0.5253220178793785,0.24102190136909485
d12-s8,707,0.28055555555555556,6,0.5197843312097015,0.2302756905555725
d12-s8,707,0.28055555555555556,7,0.42611185169785204,0.19768689572811127
d12-s8,808,0.32063492063492066,0,0.610501141248392,0.25926461815834045
d12-s8,808,0.32063492063492066,1,0.6546261458302808,0.31019628047943115
d12-s8,808,0.32063492063492066,2,0.6646548737993416,0.2935841381549835
d12-s8,808,0.32063492063492066,3,0.6385929009118244,0.2540220320224762
d12-s8,808,0.32063492063492066,4,0.5669445803533928,0.24021872878074646
d12-s8,808,0.32063492063492066,5,0.6395082446865938,0.3142889440059662
d12-s8,808,0.32063492063492066,6,0.5862283604695749,0.2624681293964386
d12-s8,808,0.32063492063492066,7,0.6076671603066951,0.25450265407562256
d12-s8,909,0.3607142857142857,0,0.5916556656144448,0.2848142087459564
d12-s8,909,0.3607142857142857,1,0.6093694142135347,0.28934890031814575
d12-s8,909,0.3607142857142857,2,0.6444319383790353,0.30463364720344543
d12-s8,909,0.3607142857142857,3,0.5992510136624909,0.252290278673172
d12-s8,909,0.3607142857142857,4,0.6310286624805705,0.28879109025001526
d12-s8,909,0.3607142857142857,5,0.6340580293138579,0.2851862907409668
d12-s8,909,0.3607142857142857,6,0.6206969889389778,0.2806706428527832
d12-s8,909,0.3607142857142857,7,0.5500269996270755,0.3486984968185425
d12-s8,1010,0.4007936507936508,0,0.5952143182284788,0.3195371627807617
d12-s8,1010,0.4007936507936508,1,0.5680513063897995,0.28298327326774597
d12-s8,1010,0.4007936507936508,2,0.5678747898344032,0.38082650303840637
d12-s8,1010,0.4007936507936508,3,0.4816757389251482,0.31223610043525696
d12-s8,1010,0.4007936507936508,4,0.4990690413591224,0.2795265316963196
d12-s8,1010,0.4007936507936508,5,0.5415865208717928,0.29634004831314087
d12-s8,1010,0.4007936507936508,6,0.5820820018252071,0.29345911741256714
d12-s8,1010,0.4007936507936508,7,0.4491126068031915,0.25335901975631714
d12-s8,1111,0.44087301587301586,0,0.5283460252703981,0.3276313841342926
d12-s8,1111,0.44087301587301586,1,0.5045597822251243,0.3175479769706726
d12-s8,1111,0.44087301587301586,2,0.5701303284578099,0.42456725239753723
d12-s8,1111,0.44087301587301586,3,0.5281169950854095,0.3528759479522705
d12-s8,1111,0.44087301587301586,4,0.5256357480061478,0.30093201994895935
d12-s8,1111,0.44087301587301586,5,0.5944056272131762,0.330768883228302
d12-s8,1111,0.44087301587301586,6,0.5504650301436934,0.3454887866973877
d12-s8,1111,0.44087301587301586,7,0.5986139861599413,0.38033291697502136
d12-s8,1212,0.48095238095238096,0,0.49921428545617436,0.42440640926361084
d12-s8,1212,0.48095238095238096,1,0.5395791114210718,0.41189348697662354
d12-s8,1212,0.48095238095238096,2,0.5596799042251842,0.39869922399520874
d12-s8,1212,0.48095238095238096,3,0.5374910285351024,0.3476080298423767
d12-s8,1212,0.48095238095238096,4,0.5425833605389894,0.32467496395111084
d12-s8,1212,0.48095238095238096,5,0.544383138783809,0.34322285652160645
d12-s8,1212,0.48095238095238096,6,0.5705556749220382,0.3789522647857666
d12-s8,1212,0.48095238095238096,7,0.49100107675431864,0.39752793312072754
d12-s8,1313,0.5210317460317461,0,0.4524934027623676,0.339570015668869
d12-s8,1313,0.5210317460317461,1,0.48954644932824587,0.36854875087738037
d12-s8,1313,0.5210317460317461,2,0.49419172935072253,0.38494807481765747
d12-s8,1313,0.5210317460317461,3,0.49994641790790295,0.4253886640071869
d12-s8,1313,0.5210317460317461,4,0.514609447626565,0.36465010046958923
d12-s8,1313,0.5210317460317461,5,0.4745204448879702,0.33607736229896545
d12-s8,1313,0.5210317460317461,6,0.4515814449437319,0.3521497845649719
d12-s8,1313,0.5210317460317461,7,0.4956938064030987,0.37503135204315186
d12-s8,1414,0.5611111111111111,0,0.5461191174161583,0.3671899437904358
d12-s8,1414,0.5611111111111111,1,0.4734192626301042,0.3439372181892395
d12-s8,1414,0.5611111111111111,2,0.49321352624487425,0.40702420473098755
d12-s8,1414,0.5611111111111111,3,0.5129297260509061,0.3925834596157074
d12-s8,1414,0.5611111111111111,4,0.4912912354840816,0.4062666893005371
d12-s8,1414,0.5611111111111111,5,0.41350640049472476,0.3948192894458771
d12-s8,1414,0.5611111111111111,6,0.5450597683411028,0.3831164836883545
d12-s8,1414,0.5611111111111111,7,0.4677530272916021,0.3647438585758209
d12-s8,1515,0.6011904761904762,0,0.5293775931674536,0.5271404981613159
d12-s8,1515,0.6011904761904762,1,0.6124552803422558,0.5448301434516907
d12-s8,1515,0.6011904761904762,2,0.504246494895728,0.43362683057785034
d12-s8,1515,0.6011904761904762,3,0.5694388915265179,0.4977673590183258
d12-s8,1515,0.6011904761904762,4,0.47880276635976043,0.4151398241519928
d12-s8,1515,0.6011904761904762,5,0.5349164732527263,0.3897760212421417
d12-s8,1515,0.6011904761904762,6,0.46167850112570946,0.39290642738342285
d12-s8,1515,0.6011904761904762,7,0.5272212027334082,0.43692439794540405
d12-s8,1616,0.6412698412698413,0,0.5221932341624733,0.5257219076156616
d12-s8,1616,0.6412698412698413,1,0.4633393780478621,0.42249736189842224
d12-s8,1616,0.6412698412698413,2,0.4286911879109385,0.42995741963386536
d12-s8,1616,0.6412698412698413,3,0.4759242133118824,0.431236207485199
d12-s8,1616,0.6412698412698413,4,0.4064855427323246,0.389769047498703
d12-s8,1616,0.6412698412698413,5,0.47671342286150215,0.4297519624233246
d12-s8,1616,0.6412698412698413,6,0.48305632737776066,0.500919759273529
d12-s8,1616,0.6412698412698413,7,0.5290869892202339,0.502042829990387
d12-s8,1717,0.6813492063492064,0,0.508050893602507,0.48829448223114014
d12-s8,1717,0.6813492063492064,1,0.4791529379056507,0.5253075957298279
d12-s8,1717,0.6813492063492064,2,0.4436027869741392,0.49117568135261536
d12-s8,1717,0.6813492063492064,3,0.42311599578098097,0.4422261118888855
d12-s8,1717,0.6813492063492064,4,0.41423413985736074,0.3723747432231903
d12-s8,1717,0.6813492063492064,5,0.4059342724172201,0.3919512927532196
d12-s8,1717,0.6813492063492064,6,0.4092544139480995,0.4009374678134918
d12-s8,1717,0.6813492063492064,7,0.40478313200800503,0.43111780285835266
d12-s8,1818,0.7214285714285714,0,0.4084983568229702,0.4324866235256195
d12-s8,1818,0.7214285714285714,1,0.427895714429911,0.4352968633174896
d12-s8,1818,0.7214285714285714,2,0.4037540891801778,0.39463385939598083
d12-s8,1818,0.7214285714285714,3,0.4627233806310622,0.47859063744544983
d12-s8,1818,0.7214285714285714,4,0.41484485010805155,0.46310704946517944
d12-s8,1818,0.7214285714285714,5,0.3657431220430411,0.4058547616004944
d12-s8,1818,0.7214285714285714,6,0.37953547426294987,0.3615817427635193
d12-s8,1818,0.7214285714285714,7,0.42560693431691105,0.44933006167411804
d12-s8,1919,0.7615079365079365,0,0.354889421099883,0.39155998826026917
d12-s8,1919,0.7615079365079365,1,0.43922302536136515,0.419702410697937
d12-s8,1919,0.7615079365079365,2,0.39898467838430524,0.39946821331977844
d12-s8,1919,0.7615079365079365,3,0.4048386976797534,0.4927807152271271
d12-s8,1919,0.7615079365079365,4,0.4028340233319701,0.4451065957546234
d12-s8,1919,0.7615079365079365,5,0.3645628780746126,0.39275750517845154
d12-s8,1919,0.7615079365079365,6,0.38074093214987165,0.4198870062828064
d12-s8,1919,0.7615079365079365,7,0.3340441301578061,0.4232434034347534
d12-s8,2020,0.8015873015873016,0,0.4403119846485457,0.4665248692035675
d12-s8,2020,0.8015873015873016,1,0.35030910890767764,0.42802396416664124
d12-s8,2020,0.8015873015873016,2,0.3250557078750101,0.39462247490882874
d12-s8,2020,0.8015873015873016,3,0.3429920222051173,0.43370553851127625
d12-s8,2020,0.8015873015873016,4,0.456914225285039,0.7329219579696655
d12-s8,2020,0.8015873015873016,5,0.37033513506112836,0.4883168041706085
d12-s8,2020,0.8015873015873016,6,0.36922076435639917,0.39688196778297424
d12-s8,2020,0.8015873015873016,7,0.3974514133578543,0.4248683750629425
d12-s8,2121,0.8416666666666667,0,0.36594478044890255,0.443928599357605
d12-s8,2121,0.8416666666666667,1,0.37917589856260137,0.4154856204986572
d12-s8,2121,0.8416666666666667,2,0.386288653612535,0.37707069516181946
d12-s8,2121,0.8416666666666667,3,0.38602691075377493,0.40446025133132935
d12-s8,2121,0.8416666666666667,4,0.4122125260519294,0.40143391489982605
d12-s8,2121,0.8416666666666667,5,0.38474824912400374,0.4085729718208313
d12-s8,2121,0.8416666666666667,6,0.4179513169879785,0.41516780853271484
d12-s8,2121,0.8416666666666667,7,0.4341458369226448,0.43471306562423706
d12-s8,2222,0.8817460317460317,0,0.36393598015622525,0.40253946185112
d12-s8,2222,0.8817460317460317,1,0.36095462307682824,0.41449517011642456
d12-s8,2222,0.8817460317460317,2,0.3094896651490569,0.43156445026397705
d12-s8,2222,0.8817460317460317,3,0.3181374687959647,0.419101744890213
d12-s8,2222,0.8817460317460317,4,0.401928023868637,0.51088947057724
d12-s8,2222,0.8817460317460317,5,0.35778664867015186,0.3776232898235321
d12-s8,2222,0.8817460317460317,6,0.3696524085636204,0.40894192457199097
d12-s8,2222,0.8817460317460317,7,0.36999262931060084,0.47817254066467285
d12-s8,2323,0.9218253968253968,0,0.3608995339435286,0.4527667760848999
d12-s8,2323,0.9218253968253968,1,0.3523527779971804,0.4190199673175812
d12-s8,2323,0.9218253968253968,2,0.36633648437839095,0.4594933092594147
d12-s8,2323,0.9218253968253968,3,0.3478568681204473,0.4464090168476105
d12-s8,2323,0.9218253968253968,4,0.37279233614259144,0.4380037188529968
d12-s8,2323,0.9218253968253968,5,0.316621874853842,0.4130738377571106
d12-s8,2323,0.9218253968253968,6,0.3475365865792971,0.403012752532959
d12-s8,2323,0.9218253968253968,7,0.3561067779209228,0.4201728105545044
d12-s8,2424,0.9619047619047619,0,0.3732995754806456,0.4604116678237915
d12-s8,2424,0.9619047619047619,1,0.36334388491087755,0.44047051668167114
d12-s8,2424,0.9619047619047619,2,0.3802413271121839,0.40784189105033875
d12-s8,2424,0.9619047619047619,3,0.40043304404481317,0.41632217168807983
d12-s8,2424,0.9619047619047619,4,0.37703010520067864,0.4204684793949127
d12-s8,2424,0.9619047619047619,5,0.35471567876302157,0.36800602078437805
d12-s8,2424,0.9619047619047619,6,0.3648411592527566,0.3943750262260437
d12-s8,2424,0.9619047619047619,7,0.36099152562228115,0.4437270164489746
d12-s9,0,0.0,0,0.6464505969084295,0.2322605699300766
d12-s9,0,0.0,1,0.6568400780473609,0.3269907832145691
d12-s9,0,0.0,2,0.597913288789778,0.2803875803947449
d12-s9,0,0.0,3,0.5960029215836785,0.2644636332988739
d12-s9,0,0.0,4,0.6663736511245908,0.254537969827652
d12-s9,0,0.0,5,0.6520344698347698,0.22379650175571442
d12-s9,0,0.0,6,0.5519521716488603,0.22460249066352844
d12-s9,0,0.0,7,0.6815812534780241,0.27581098675727844
d12-s9,101,0.04007936507936508,0,0.5725358880399122,0.14295850694179535
d12-s9,101,0.04007936507936508,1,0.5901109431439086,0.13756437599658966
d12-s9,101,0.04007936507936508,2,0.5837891182220861,0.14246758818626404
d12-s9,101,0.04007936507936508,3,0.5870149217948204,0.1406225711107254
d12-s9,101,0.04007936507936508,4,0.6060197176876181,0.19421201944351196
d12-s9,101,0.04007936507936508,5,0.6098018593559075,0.15419964492321014
d12-s9,101,0.04007936507936508,6,0.5308703384352775,0.129355788230896
d12-s9,101,0.04007936507936508,7,0.5984502663797171,0.16245678067207336
d12-s9,202,0.08015873015873017,0,0.5610795602605154,0.2543484568595886
d12-s9,202,0.08015873015873017,1,0.5019166547885063,0.22514484822750092
d12-s9,202,0.08015873015873017,2,0.46091203207377707,0.2419257014989853
d12-s9,202,0.08015873015873017,3,0.4092561882320945,0.2763631343841553
d12-s9,202,0.08015873015873017,4,0.46529027048609084,0.2266325205564499
d12-s9,202,0.08015873015873017,5,0.5472792254195792,0.2806231379508972
d12-s9,202,0.08015873015873017,6,0.5387951480028782,0.2609865665435791
d12-s9,202,0.08015873015873017,7,0.5261994936025024,0.24924799799919128
d12-s9,303,0.12023809523809524,0,0.4282103695277846,0.21164701879024506
d12-s9,303,0.12023809523809524,1,0.47950864370429674,0.21107463538646698
d12-s9,303,0.12023809523809524,2,0.5029841367663054,0.2331661432981491
d12-s9,303,0.12023809523809524,3,0.4869844795052776,0.22525309026241302
d12-s9,303,0.12023809523809524,4,0.546689102494299,0.239080548286438
d12-s9,303,0.12023809523809524,5,0.5059660849127592,0.28420209884643555
d12-s9,303,0.12023809523809524,6,0.525321247884304,0.324191153049469
d12-s9,303,0.12023809523809524,7,0.47542859002030646,0.23982329666614532
d12-s9,404,0.16031746031746033,0,0.5367706551725141,0.23197196424007416
d12-s9,404,0.16031746031746033,1,0.5391424574007377,0.24609795212745667
d12-s9,404,0.16031746031746033,2,0.5059410979859366,0.22883425652980804
d12-s9,404,0.16031746031746033,3,0.5350426626599231,0.22820520401000977
d12-s9,404,0.16031746031746033,4,0.5207819020089843,0.2581787407398224
d12-s9,404,0.16031746031746033,5,0.5489654687645386,0.25161823630332947
d12-s9,404,0.16031746031746033,6,0.5310596134886104,0.22950108349323273
d12-s9,404,0.16031746031746033,7,0.5216061514549493,0.22567243874073029
d12-s9,505,0.2003968253968254,0,0.4697602607019834,0.17995552718639374
d12-s9,505,0.2003968253968254,1,0.5054988298181762,0.20167577266693115
d12-s9,505,0.2003968253968254,2,0.5594809468922312,0.2094108909368515
d12-s9,505,0.2003968253968254,3,0.5176010204028589,0.19385983049869537
d12-s9,505,0.2003968253968254,4,0.5871120208825154,0.24192410707473755
d12-s9,505,0.2003968253968254,5,0.5350110593565965,0.2141282856464386
d12-s9,505,0.2003968253968254,6,0.5058110557332349,0.2060082107782364
d12-s9,505,0.2003968253968254,7,0.546509306201604,0.20643429458141327
d12-s9,606,0.24047619047619048,0,0.7022402500496888,0.32385173439979553
d12-s9,606,0.24047619047619048,1,0.5985677050854911,0.2552908658981323
d12-s9,606,0.24047619047619048,2,0.5916179293780442,0.23499873280525208
d12-s9,606,0.24047619047619048,3,0.5804484979800584,0.21208471059799194
d12-s9,606,0.24047619047619048,4,0.6413295650360401,0.24501320719718933
d12-s9,606,0.24047619047619048,5,0.5802496329693584,0.20737215876579285
d12-s9,606,0.24047619047619048,6,0.642149557800868,0.2418915331363678
d12-s9,606,0.24047619047619048,7,0.6550628287980832,0.26068976521492004
d12-s9,707,0.28055555555555556,0,0.6039401625989982,0.22606606781482697
d12-s9,707,0.28055555555555556,1,0.6077715662601225,0.23509973287582397
d12-s9,707,0.28055555555555556,2,0.5698260203133213,0.24894776940345764
d12-s9,707,0.28055555555555556,3,0.5535811864580934,0.24900218844413757
d12-s9,707,0.28055555555555556,4,0.6065745824880094,0.2305680215358734
d12-s9,707,0.28055555555555556,5,0.590097264280173,0.22996185719966888
d12-s9,707,0.28055555555555556,6,0.554822020555125,0.21043649315834045
d12-s9,707,0.28055555555555556,7,0.6508240684366537,0.2381640076637268
d12-s9,808,0.32063492063492066,0,0.6151593584856555,0.25154855847358704
d12-s9,808,0.32063492063492066,1,0.6006950926693069,0.26686227321624756
d12-s9,808,0.32063492063492066,2,0.5211748560627755,0.22838176786899567
d12-s9,808,0.32063492063492066,3,0.5615096617603406,0.22094976902008057
d12-s9,808,0.32063492063492066,4,0.5561106310583228,0.23296727240085602
d12-s9,808,0.32063492063492066,5,0.5589990027644113,0.25612157583236694
d12-s9,808,0.32063492063492066,6,0.5467381518254861,0.25564107298851013
d12-s9,808,0.32063492063492066,7,0.6084585071792014,0.2503414750099182
d12-s9,909,0.3607142857142857,0,0.588267603326992,0.2794162631034851
d12-s9,909,0.3607142857142857,1,0.620033285383341,0.2894092798233032
d12-s9,909,0.3607142857142857,2,0.5858911305565757,0.2912989556789398
d12-s9,909,0.3607142857142857,3,0.49890536463957647,0.2239825576543808
d12-s9,909,0.3607142857142857,4,0.5482244975908289,0.25133100152015686
d12-s9,909,0.3607142857142857,5,0.60376750401346,0.27081814408302307
d12-s9,909,0.3607142857142857,6,0.5743415790316161,0.2699113190174103
d12-s9,909,0.3607142857142857,7,0.5803457813431598,0.4121818542480469
d12-s9,1010,0.4007936507936508,0,0.5200503264819987,0.27235957980155945
d12-s9,1010,0.4007936507936508,1,0.5271281499139695,0.27724218368530273
d12-s9,1010,0.4007936507936508,2,0.5630819990136895,0.3724704384803772
d12-s9,1010,0.4007936507936508,3,0.5126449250324946,0.3275095820426941
d12-s9,1010,0.4007936507936508,4,0.45519801706193685,0.28203845024108887
d12-s9,1010,0.4007936507936508,5,0.5314780167174182,0.3007972240447998
d12-s9,1010,0.4007936507936508,6,0.5181055133657354,0.2657344341278076
d12-s9,1010,0.4007936507936508,7,0.46296734146808327,0.2536976933479309
d12-s9,1111,0.44087301587301586,0,0.5576423323380332,0.340823769569397
d12-s9,1111,0.44087301587301586,1,0.45233218821633275,0.2969134449958801
d12-s9,1111,0.44087301587301586,2,0.546595162846506,0.42280083894729614
d12-s9,1111,0.44087301587301586,3,0.4946049902532838,0.34588196873664856
d12-s9,1111,0.44087301587301586,4,0.5087020019972486,0.3028310537338257
d12-s9,1111,0.44087301587301586,5,0.5763368541260909,0.3291284739971161
d12-s9,1111,0.44087301587301586,6,0.5503576966083085,0.3585436940193176
d12-s9,1111,0.44087301587301586,7,0.5173057181003252,0.32852703332901
d12-s9,1212,0.48095238095238096,0,0.5514568843385004,0.506952702999115
d12-s9,1212,0.48095238095238096,1,0.5521673343059502,0.43060946464538574
d12-s9,1212,0.48095238095238096,2,0.5510022893322418,0.4404534101486206
d12-s9,1212,0.48095238095238096,3,0.5174498709890187,0.36577972769737244
d12-s9,1212,0.48095238095238096,4,0.4791728721661898,0.3185213804244995
d12-s9,1212,0.48095238095238096,5,0.5675166548908649,0.41345974802970886
d12-s9,1212,0.48095238095238096,6,0.5554717678478427,0.3813537061214447
d12-s9,1212,0.48095238095238096,7,0.5642955787418719,0.5102172493934631
d12-s9,1313,0.5210317460317461,0,0.4943405550486697,0.40775343775749207
d12-s9,1313,0.5210317460317461,1,0.5084677843034554,0.41997551918029785
d12-s9,1313,0.5210317460317461,2,0.49447928428641047,0.43282586336135864
d12-s9,1313,0.5210317460317461,3,0.52934214858393,0.4846518635749817
d12-s9,1313,0.5210317460317461,4,0.5386363585434213,0.43226760625839233
d12-s9,1313,0.5210317460317461,5,0.47115390346382047,0.3771851360797882
d12-s9,1313,0.5210317460317461,6,0.48008976573181317,0.39776578545570374
d12-s9,1313,0.5210317460317461,7,0.509797645983908,0.4152028560638428
d12-s9,1414,0.5611111111111111,0,0.5324269126149722,0.4449753761291504
d12-s9,1414,0.5611111111111111,1,0.5938025573628816,0.49309805035591125
d12-s9,1414,0.5611111111111111,2,0.5720256234230756,0.5704001784324646
d12-s9,1414,0.5611111111111111,3,0.5890398192140757,0.5291590094566345
d12-s9,1414,0.5611111111111111,4,0.5272785697498925,0.5019938349723816
d12-s9,1414,0.5611111111111111,5,0.5621862100155766,0.5148443579673767
d12-s9,1414,0.5611111111111111,6,0.5670928864660592,0.4859654903411865
d12-s9,1414,0.5611111111111111,7,0.5129489168115173,0.4686093330383301
d12-s9,1515,0.6011904761904762,0,0.498397970886022,0.5870263576507568
d12-s9,1515,0.6011904761904762,1,0.6188726455522487,0.6338750720024109
d12-s9,1515,0.6011904761904762,2,0.5175191411214296,0.5000986456871033
d12-s9,1515,0.6011904761904762,3,0.5577373123967545,0.5585528016090393
d12-s9,1515,0.6011904761904762,4,0.4815163739747747,0.4763607978820801
d12-s9,1515,0.6011904761904762,5,0.5307347268935731,0.437357097864151
d12-s9,1515,0.6011904761904762,6,0.48573742298805206,0.4871279001235962
d12-s9,1515,0.6011904761904762,7,0.5131490318297106,0.4583520293235779
d12-s9,1616,0.6412698412698413,0,0.5415204972511953,0.6255064010620117
d12-s9,1616,0.6412698412698413,1,0.5297192135879196,0.5436886548995972
d12-s9,1616,0.6412698412698413,2,0.4410602892028198,0.4979100823402405
d12-s9,1616,0.6412698412698413,3,0.5121222737666038,0.5062183141708374
d12-s9,1616,0.6412698412698413,4,0.39261672540484904,0.43430638313293457
d12-s9,1616,0.6412698412698413,5,0.4682150968946124,0.4948965311050415
d12-s9,1616,0.6412698412698413,6,0.5259445287307256,0.6119912266731262
d12-s9,1616,0.6412698412698413,7,0.5011746138785432,0.612514317035675
d12-s9,1717,0.6813492063492064,0,0.4828057001674537,0.5677806735038757
d12-s9,1717,0.6813492063492064,1,0.4597663466312253,0.6158891916275024
d12-s9,1717,0.6813492063492064,2,0.4027495168410265,0.5333136916160583
d12-s9,1717,0.6813492063492064,3,0.4154895949223502,0.5216540098190308
d12-s9,1717,0.6813492063492064,4,0.43027084082146844,0.42840102314949036
d12-s9,1717,0.6813492063492064,5,0.40048450303677413,0.44894078373908997
d12-s9,1717,0.6813492063492064,6,0.45890121802167144,0.48983070254325867
d12-s9,1717,0.6813492063492064,7,0.4312649230057173,0.506591796875
d12-s9,1818,0.7214285714285714,0,0.42265422031549216,0.5305725932121277
d12-s9,1818,0.7214285714285714,1,0.4199059322952786,0.4904134273529053
d12-s9,1818,0.7214285714285714,2,0.452076120947833,0.4916364550590515
d12-s9,1818,0.7214285714285714,3,0.5265547861498433,0.5913834571838379
d12-s9,1818,0.7214285714285714,4,0.42577888483900267,0.5475330948829651
d12-s9,1818,0.7214285714285714,5,0.3969334054664605,0.49221622943878174
d12-s9,1818,0.7214285714285714,6,0.44967002368546616,0.44321295619010925
d12-s9,1818,0.7214285714285714,7,0.40012885823744787,0.5262226462364197
d12-s9,1919,0.7615079365079365,0,0.33425476908416,0.4640635550022125
d12-s9,1919,0.7615079365079365,1,0.48019389460859085,0.5612162947654724
d12-s9,1919,0.7615079365079365,2,0.39592711840115463,0.46605849266052246
d12-s9,1919,0.7615079365079365,3,0.4535446755392873,0.6290322542190552
d12-s9,1919,0.7615079365079365,4,0.4043018542404217,0.5486422181129456
d12-s9,1919,0.7615079365079365,5,0.41478278278699743,0.5205176472663879
d12-s9,1919,0.7615079365079365,6,0.4792444061119304,0.5457502007484436
d12-s9,1919,0.7615079365079365,7,0.38268024356105373,0.5257766246795654
d12-s9,2020,0.8015873015873016,0,0.4180175406801258,0.5563457608222961
d12-s9,2020,0.8015873015873016,1,0.3112115704491715,0.46862372756004333
d12-s9,2020,0.8015873015873016,2,0.3448624335418287,0.4853029251098633
d12-s9,2020,0.8015873015873016,3,0.3649616189201652,0.4994255602359772
d12-s9,2020,0.8015873015873016,4,0.460166387505848,0.8983941078186035
d12-s9,2020,0.8015873015873016,5,0.4036162777409569,0.5649668574333191
d12-s9,2020,0.8015873015873016,6,0.3612276596291399,0.44682103395462036
d12-s9,2020,0.8015873015873016,7,0.3937834094331963,0.49724072217941284
d12-s9,2121,0.8416666666666667,0,0.3870124349110441,0.4961605966091156
d12-s9,2121,0.8416666666666667,1,0.3939283078022438,0.4711480736732483
d12-s9,2121,0.8416666666666667,2,0.39168717817896936,0.41872620582580566
d12-s9,2121,0.8416666666666667,3,0.3683651936115506,0.4644981026649475
d12-s9,2121,0.8416666666666667,4,0.41657843700641567,0.4558592438697815
d12-s9,2121,0.8416666666666667,5,0.396088082317353,0.4840327501296997
d12-s9,2121,0.8416666666666667,6,0.39322486761904457,0.4724590480327606
d12-s9,2121,0.8416666666666667,7,0.4273372876748182,0.502030611038208
d12-s9,2222,0.8817460317460317,0,0.34813260366796855,0.4662010669708252
d12-s9,2222,0.8817460317460317,1,0.3848236992018546,0.4895036220550537
d12-s9,2222,0.8817460317460317,2,0.3192460242090397,0.4828541874885559
d12-s9,2222,0.8817460317460317,3,0.3262657716473257,0.47139015793800354
d12-s9,2222,0.8817460317460317,4,0.3977085151657683,0.5912790298461914
d12-s9,2222,0.8817460317460317,5,0.35560379573499395,0.427731990814209
d12-s9,2222,0.8817460317460317,6,0.38468918616122527,0.4770127236843109
d12-s9,2222,0.8817460317460317,7,0.3660462740550009,0.5530392527580261
d12-s9,2323,0.9218253968253968,0,0.38090616965446134,0.5406128764152527
d12-s9,2323,0.9218253968253968,1,0.3576441641353803,0.4792979955673218
d12-s9,2323,0.9218253968253968,2,0.35874415841593493,0.5559872388839722
d12-s9,2323,0.9218253968253968,3,0.3503945541565069,0.4881119132041931
d12-s9,2323,0.9218253968253968,4,0.38160878707490664,0.4937347173690796
d12-s9,2323,0.9218253968253968,5,0.34879732978275807,0.4772264063358307
d12-s9,2323,0.9218253968253968,6,0.3424827048147006,0.4758026897907257
d12-s9,2323,0.9218253968253968,7,0.36051865333195404,0.4819604158401489
d12-s9,2424,0.9619047619047619,0,0.3880734017353162,0.5205606818199158
d12-s9,2424,0.9619047619047619,1,0.3346213230550429,0.48109742999076843
d12-s9,2424,0.9619047619047619,2,0.3586346560730872,0.4614013433456421
d12-s9,2424,0.9619047619047619,3,0.385632080326181,0.47774502635002136
d12-s9,2424,0.9619047619047619,4,0.3763656790256932,0.4946317970752716
d12-s9,2424,0.9619047619047619,5,0.3464179262425655,0.4254622161388397
d12-s9,2424,0.9619047619047619,6,0.38287173899838955,0.47021010518074036
d12-s9,2424,0.9619047619047619,7,0.3454795073568108,0.5167580246925354
d14-s7,0,0.0,0,0.6366202458325809,0.27465638518333435
d14-s7,0,0.0,1,0.6435955766854531,0.3891203701496124
d14-s7,0,0.0,2,0.5754375902143555,0.33298999071121216
d14-s7,0,0.0,3,0.5812272864812797,0.3108198642730713
d14-s7,0,0.0,4,0.6570064084320991,0.3055243194103241
d14-s7,0,0.0,5,0.6346166969432051,0.26518091559410095
d14-s7,0,0.0,6,0.562698429689664,0.26339930295944214
d14-s7,0,0.0,7,0.6773103935222554,0.3340398371219635
d14-s7,151,0.04017025804735302,0,0.44614655698365063,0.23935672640800476
d14-s7,151,0.04017025804735302,1,0.580750857364993,0.27013495564460754
d14-s7,151,0.04017025804735302,2,0.5742536347977832,0.2542478144168854
d14-s7,151,0.04017025804735302,3,0.5366672426585398,0.2659483253955841
d14-s7,151,0.04017025804735302,4,0.5402685547550193,0.2504372000694275
d14-s7,151,0.04017025804735302,5,0.5447421082105256,0.2722730338573456
d14-s7,151,0.04017025804735302,6,0.5680839539089413,0.2832867503166199
d14-s7,151,0.04017025804735302,7,0.5213987351905907,0.2426498383283615
d14-s7,302,0.08034051609470604,0,0.5908640630640326,0.2626676559448242
d14-s7,302,0.08034051609470604,1,0.5490487360070204,0.26827818155288696
d14-s7,302,0.08034051609470604,2,0.5866609467613603,0.26685819029808044
d14-s7,302,0.08034051609470604,3,0.5565308345763457,0.26259467005729675
d14-s7,302,0.08034051609470604,4,0.6495799005263623,0.37623387575149536
d14-s7,302,0.08034051609470604,5,0.6423705861228486,0.4441211521625519
d14-s7,302,0.08034051609470604,6,0.6232260544328762,0.3116949498653412
d14-s7,302,0.08034051609470604,7,0.611143644003119,0.29997560381889343
d14-s7,453,0.12051077414205906,0,0.5890976251101532,0.25372570753097534
d14-s7,453,0.12051077414205906,1,0.6082047650431335,0.2561892569065094
d14-s7,453,0.12051077414205906,2,0.42006661103246273,0.19252565503120422
d14-s7,453,0.12051077414205906,3,0.5582424502353428,0.21514847874641418
d14-s7,453,0.12051077414205906,4,0.5653502507163398,0.2309466302394867
d14-s7,453,0.12051077414205906,5,0.5771703467219881,0.23394644260406494
d14-s7,453,0.12051077414205906,6,0.650954568311274,0.29195472598075867
d14-s7,453,0.12051077414205906,7,0.5213451104463451,0.27196863293647766
d14-s7,604,0.16068103218941207,0,0.39611100303218577,0.171627014875412
d14-s7,604,0.16068103218941207,1,0.4696934850504114,0.18140114843845367
d14-s7,604,0.16068103218941207,2,0.5619939886188243,0.19662414491176605
d14-s7,604,0.16068103218941207,3,0.4690168966626943,0.170693039894104
d14-s7,604,0.16068103218941207,4,0.5402176782394229,0.18791772425174713
d14-s7,604,0.16068103218941207,5,0.5358159820690687,0.19069455564022064
d14-s7,604,0.16068103218941207,6,0.5587487005898977,0.20511089265346527
d14-s7,604,0.16068103218941207,7,0.5531298697923716,0.21338540315628052
d14-s7,755,0.2008512902367651,0,0.6112655539322891,0.2008759081363678
d14-s7,755,0.2008512902367651,1,0.6500973938489649,0.24009694159030914
d14-s7,755,0.2008512902367651,2,0.6308105604252745,0.22848643362522125
d14-s7,755,0.2008512902367651,3,0.6688466074187088,0.2431432008743286
d14-s7,755,0.2008512902367651,4,0.4884491278936522,0.22716975212097168
d14-s7,755,0.2008512902367651,5,0.5497994899423588,0.2327902615070343
d14-s7,755,0.2008512902367651,6,0.6009821659837534,0.21199092268943787
d14-s7,755,0.2008512902367651,7,0.5542622312796714,0.21706300973892212
d14-s7,906,0.24102154828411812,0,0.444195927696781,0.19713649153709412
d14-s7,906,0.24102154828411812,1,0.49667521207831017,0.21682825684547424
d14-s7,906,0.24102154828411812,2,0.5388802391719899,0.2767013907432556
d14-s7,906,0.24102154828411812,3,0.5004620744968955,0.24723081290721893
d14-s7,906,0.24102154828411812,4,0.4739273362867115,0.20531272888183594
d14-s7,906,0.24102154828411812,5,0.4292690957106178,0.20466835796833038
d14-s7,906,0.24102154828411812,6,0.5645292108514737,0.24745270609855652
d14-s7,906,0.24102154828411812,7,0.5197992555622444,0.22301068902015686
d14-s7,1057,0.2811918063314711,0,0.6083573005449951,0.31754133105278015
d14-s7,1057,0.2811918063314711,1,0.6488683802299059,0.37213003635406494
d14-s7,1057,0.2811918063314711,2,0.5999655498383932,0.35563763976097107
d14-s7,1057,0.2811918063314711,3,0.5965436617261971,0.3105669915676117
d14-s7,1057,0.2811918063314711,4,0.6250145381294846,0.3406279981136322
d14-s7,1057,0.2811918063314711,5,0.6014778831763206,0.35662949085235596
d14-s7,1057,0.2811918063314711,6,0.6707054105790937,0.35850659012794495
d14-s7,1057,0.2811918063314711,7,0.5774325308581043,0.31708240509033203
d14-s7,1208,0.32136206437882414,0,0.6237503820462987,0.5217438340187073
d14-s7,1208,0.32136206437882414,1,0.5222838995400372,0.36614546179771423
d14-s7,1208,0.32136206437882414,2,0.5422123934209591,0.3699074685573578
d14-s7,1208,0.32136206437882414,3,0.6034605666645536,0.44927978515625
d14-s7,1208,0.32136206437882414,4,0.6101638759113117,0.45166751742362976
d14-s7,1208,0.32136206437882414,5,0.5347258166767407,0.3215177655220032
d14-s7,1208,0.32136206437882414,6,0.5680954212089044,0.3898716866970062
d14-s7,1208,0.32136206437882414,7,0.535504531270228,0.3751107454299927
d14-s7,1359,0.36153232242617717,0,0.6690346864385955,0.7044045329093933
d14-s7,1359,0.36153232242617717,1,0.6343205819902513,0.5625756978988647
d14-s7,1359,0.36153232242617717,2,0.6065175843884324,0.5478305220603943
d14-s7,1359,0.36153232242617717,3,0.6388222914290417,0.5375844836235046
d14-s7,1359,0.36153232242617717,4,0.6725316599635066,0.6883398294448853
d14-s7,1359,0.36153232242617717,5,0.5351831227742713,0.532979428768158
d14-s7,1359,0.36153232242617717,6,0.5041813228403623,0.5965389609336853
d14-s7,1359,0.36153232242617717,7,0.6288742054337998,0.7106318473815918
d14-s7,1510,0.4017025804735302,0,0.6038142716619396,0.6889330744743347
d14-s7,1510,0.4017025804735302,1,0.5737918084836678,0.8624448776245117
d14-s7,1510,0.4017025804735302,2,0.5760878243968236,0.6410998106002808
d14-s7,1510,0.4017025804735302,3,0.6359759486878304,0.6884127259254456
d14-s7,1510,0.4017025804735302,4,0.5841534140610062,0.656273603439331
d14-s7,1510,0.4017025804735302,5,0.5247343380077086,0.6049961447715759
d14-s7,1510,0.4017025804735302,6,0.5470098263636967,0.605724036693573
d14-s7,1510,0.4017025804735302,7,0.505458594941814,0.5143023133277893
d14-s7,1661,0.4418728385208832,0,0.5251903313480952,0.922356128692627
d14-s7,1661,0.4418728385208832,1,0.5484361612677834,0.7065262198448181
d14-s7,1661,0.4418728385208832,2,0.5794237604923259,0.7235689759254456
d14-s7,1661,0.4418728385208832,3,0.5303905464730564,0.7652251124382019
d14-s7,1661,0.4418728385208832,4,0.5940439178400116,0.7608780264854431
d14-s7,1661,0.4418728385208832,5,0.46642238332750297,0.6364114284515381
d14-s7,1661,0.4418728385208832,6,0.6067817424751991,0.9057886600494385
d14-s7,1661,0.4418728385208832,7,0.5494001199011779,0.6699227094650269
d14-s7,1812,0.48204309656823624,0,0.5588284796965588,0.985080897808075
d14-s7,1812,0.48204309656823624,1,0.5979745383426869,0.9277579188346863
d14-s7,1812,0.48204309656823624,2,0.5619162852598324,0.7925572395324707
d14-s7,1812,0.48204309656823624,3,0.6035454303998972,1.3117973804473877
d14-s7,1812,0.48204309656823624,4,0.5209438831381288,0.9825353026390076
d14-s7,1812,0.48204309656823624,5,0.6126256930896237,1.0005942583084106
d14-s7,1812,0.48204309656823624,6,0.5600305710888417,0.8489875197410583
d14-s7,1812,0.48204309656823624,7,0.5641092590347961,0.8612380027770996
d14-s7,1963,0.5222133546155893,0,0.4912590576735354,0.8537251353263855
d14-s7,1963,0.5222133546155893,1,0.5775292621417689,1.027091383934021
d14-s7,1963,0.5222133546155893,2,0.5380332897094446,1.0019712448120117
d14-s7,1963,0.5222133546155893,3,0.5350165822074906,1.2583401203155518
d14-s7,1963,0.5222133546155893,4,0.5542531022533816,0.9783917665481567
d14-s7,1963,0.5222133546155893,5,0.48688178633234586,0.8631702661514282
d14-s7,1963,0.5222133546155893,6,0.4405407128449703,0.6901242733001709
d14-s7,1963,0.5222133546155893,7,0.47332179811992503,1.00638747215271
d14-s7,2114,0.5623836126629422,0,0.5659512694237256,0.9077553749084473
d14-s7,2114,0.5623836126629422,1,0.5685026263446898,0.9031879305839539
d14-s7,2114,0.5623836126629422,2,0.5859273091689614,1.0105202198028564
d14-s7,2114,0.5623836126629422,3,0.5883084765043876,1.1193846464157104
d14-s7,2114,0.5623836126629422,4,0.5335463963540136,1.028755784034729
d14-s7,2114,0.5623836126629422,5,0.5490464835767488,1.2864813804626465
d14-s7,2114,0.5623836126629422,6,0.5703594437405214,1.0507276058197021
d14-s7,2114,0.5623836126629422,7,0.5125159018084671,0.9764224290847778
d14-s7,2265,0.6025538707102953,0,0.5207372195049265,1.002671241760254
d14-s7,2265,0.6025538707102953,1,0.5878563775146556,1.0127335786819458
d14-s7,2265,0.6025538707102953,2,0.42698123152198675,0.9763334393501282
d14-s7,2265,0.6025538707102953,3,0.512917521894164,1.0126018524169922
d14-s7,2265,0.6025538707102953,4,0.5604328027110227,0.9677701592445374
d14-s7,2265,0.6025538707102953,5,0.5671846993645925,1.1431533098220825
d14-s7,2265,0.6025538707102953,6,0.6142496866850956,1.105263590812683
d14-s7,2265,0.6025538707102953,7,0.5115308933763489,0.9084203839302063
d14-s7,2416,0.6427241287576483,0,0.4749786931116288,1.0412837266921997
d14-s7,2416,0.6427241287576483,1,0.504105608857183,1.0741312503814697
d14-s7,2416,0.6427241287576483,2,0.5245689553090905,1.0835474729537964
d14-s7,2416,0.6427241287576483,3,0.46318027668152656,0.8084734082221985
d14-s7,2416,0.6427241287576483,4,0.42062640027014797,0.8637316226959229
d14-s7,2416,0.6427241287576483,5,0.4713401119898454,1.0044214725494385
d14-s7,2416,0.6427241287576483,6,0.3823542381841331,1.0619176626205444
d14-s7,2416,0.6427241287576483,7,0.42207494452597427,1.0833913087844849
d14-s7,2567,0.6828943868050014,0,0.4980567432059039,1.0290025472640991
d14-s7,2567,0.6828943868050014,1,0.5437045096679662,1.13001549243927
d14-s7,2567,0.6828943868050014,2,0.37999288080830484,0.9120885133743286
d14-s7,2567,0.6828943868050014,3,0.46534452791570713,1.032424807548523
d14-s7,2567,0.6828943868050014,4,0.41747346474698344,1.0397852659225464
d14-s7,2567,0.6828943868050014,5,0.4576309456612934,1.1609523296356201
d14-s7,2567,0.6828943868050014,6,0.4466488683470441,1.119198203086853
d14-s7,2567,0.6828943868050014,7,0.5216974236964007,1.4728114604949951
d14-s7,2718,0.7230646448523543,0,0.4429964904741271,1.0925723314285278
d14-s7,2718,0.7230646448523543,1,0.4030197929914715,1.0230380296707153
d14-s7,2718,0.7230646448523543,2,0.43363215123738785,0.8727075457572937
d14-s7,2718,0.7230646448523543,3,0.36128267276642156,0.9321330189704895
d14-s7,2718,0.7230646448523543,4,0.45577951258568183,0.9521364569664001
d14-s7,2718,0.7230646448523543,5,0.3750532470706093,0.8373417258262634
d14-s7,2718,0.7230646448523543,6,0.42758377939502396,0.9551137685775757
d14-s7,2718,0.7230646448523543,7,0.5247157887464681,1.088662028312683
d14-s7,2869,0.7632349028997074,0,0.4605134670808528,1.0228447914123535
d14-s7,2869,0.7632349028997074,1,0.44333730105978425,0.7352293729782104
d14-s7,2869,0.7632349028997074,2,0.4446694866450709,0.863750696182251
d14-s7,2869,0.7632349028997074,3,0.3414768016814623,0.8549932241439819
d14-s7,2869,0.7632349028997074,4,0.443533569338722,1.0100513696670532
d14-s7,2869,0.7632349028997074,5,0.4374553284560086,1.0542898178100586
d14-s7,2869,0.7632349028997074,6,0.39923657569495996,0.8255881667137146
d14-s7,2869,0.7632349028997074,7,0.405454705048893,0.9550180435180664
d14-s7,3020,0.8034051609470604,0,0.4402164280684715,0.9891856908798218
d14-s7,3020,0.8034051609470604,1,0.372035855923926,0.9822134375572205
d14-s7,3020,0.8034051609470604,2,0.38260776357480464,0.969205915927887
d14-s7,3020,0.8034051609470604,3,0.42986023822121455,0.8016269207000732
d14-s7,3020,0.8034051609470604,4,0.39028023832015385,0.8035187125205994
d14-s7,3020,0.8034051609470604,5,0.4090727890062671,0.8967539668083191
d14-s7,3020,0.8034051609470604,6,0.4622323423109844,0.9178075790405273
d14-s7,3020,0.8034051609470604,7,0.3258348308908353,0.8872588872909546
d14-s7,3171,0.8435754189944135,0,0.3758679882133504,0.8521188497543335
d14-s7,3171,0.8435754189944135,1,0.4316467014856191,0.7940807342529297
d14-s7,3171,0.8435754189944135,2,0.38358431228115153,0.819170355796814
d14-s7,3171,0.8435754189944135,3,0.43217288351658045,0.9138267636299133
d14-s7,3171,0.8435754189944135,4,0.35416736150272615,1.0436731576919556
d14-s7,3171,0.8435754189944135,5,0.4071585318631119,0.9699974060058594
d14-s7,3171,0.8435754189944135,6,0.37239415091516326,0.896278977394104
d14-s7,3171,0.8435754189944135,7,0.44287225955055587,1.009100317955017
d14-s7,3322,0.8837456770417664,0,0.3810636641080477,0.8859103322029114
d14-s7,3322,0.8837456770417664,1,0.3463418723657676,0.8534974455833435
d14-s7,3322,0.8837456770417664,2,0.4441341700016421,0.9209550619125366
d14-s7,3322,0.8837456770417664,3,0.423000500820458,0.8095129728317261
d14-s7,3322,0.8837456770417664,4,0.359910490681313,0.9151776432991028
d14-s7,3322,0.8837456770417664,5,0.3454612990376659,0.748779296875
d14-s7,3322,0.8837456770417664,6,0.3729021965036285,0.9450555443763733
d14-s7,3322,0.8837456770417664,7,0.3287627145211746,0.7615967988967896
d14-s7,3473,0.9239159350891194,0,0.3812906813117788,0.8206806778907776
d14-s7,3473,0.9239159350891194,1,0.3578433367637638,0.7800999283790588
d14-s7,3473,0.9239159350891194,2,0.42557604101741864,1.021812081336975
d14-s7,3473,0.9239159350891194,3,0.379932845808197,0.8850564360618591
d14-s7,3473,0.9239159350891194,4,0.3911025278926454,0.9111946821212769
d14-s7,3473,0.9239159350891194,5,0.4251461909167021,0.8120635151863098
d14-s7,3473,0.9239159350891194,6,0.38517098800509086,0.7729898691177368
d14-s7,3473,0.9239159350891194,7,0.33524420335392136,0.7343544960021973
d14-s7,3624,0.9640861931364725,0,0.3886677923809199,0.9746874570846558
d14-s7,3624,0.9640861931364725,1,0.38054731284815085,0.8852862119674683
d14-s7,3624,0.9640861931364725,2,0.3692079275430735,0.8674566149711609
d14-s7,3624,0.9640861931364725,3,0.42178874590457144,0.8588236570358276
d14-s7,3624,0.9640861931364725,4,0.3479386652249735,0.7680534720420837
d14-s7,3624,0.9640861931364725,5,0.37461335470153045,0.8351598381996155
d14-s7,3624,0.9640861931364725,6,0.361380760409486,0.8817129135131836
d14-s7,3624,0.9640861931364725,7,0.365130331857515,0.8184545636177063
d16-s7,0,0.0,0,0.6339792526594562,0.3117181062698364
d16-s7,0,0.0,1,0.6508369403990756,0.4372314512729645
d16-s7,0,0.0,2,0.5766676566704044,0.3795274794101715
d16-s7,0,0.0,3,0.5874403393216261,0.3544200658798218
d16-s7,0,0.0,4,0.6381214346373225,0.34285804629325867
d16-s7,0,0.0,5,0.6368425740237537,0.2974960207939148
d16-s7,0,0.0,6,0.5816145961507264,0.3035157322883606
d16-s7,0,0.0,7,0.6683591134670227,0.37548238039016724
d16-s7,216,0.04017857142857143,0,0.5316501523670478,0.24089664220809937
d16-s7,216,0.04017857142857143,1,0.48959094411229837,0.22258931398391724
d16-s7,216,0.04017857142857143,2,0.5580833587369505,0.2707264721393585
d16-s7,216,0.04017857142857143,3,0.5330460895233551,0.24715805053710938
d16-s7,216,0.04017857142857143,4,0.5134724075652329,0.22824150323867798
d16-s7,216,0.04017857142857143,5,0.5177527886131227,0.23695223033428192
d16-s7,216,0.04017857142857143,6,0.5212368277689204,0.2504904568195343
d16-s7,216,0.04017857142857143,7,0.45402372698296384,0.26962462067604065
d16-s7,432,0.08035714285714286,0,0.47613782322463977,0.2232029289007187
d16-s7,432,0.08035714285714286,1,0.2687062890980891,0.16633076965808868
d16-s7,432,0.08035714285714286,2,0.43595458119697733,0.20490051805973053
d16-s7,432,0.08035714285714286,3,0.5818294885182925,0.23707540333271027
d16-s7,432,0.08035714285714286,4,0.46731696561340835,0.20321053266525269
d16-s7,432,0.08035714285714286,5,0.5053420092190511,0.2079681158065796
d16-s7,432,0.08035714285714286,6,0.5430791942918928,0.22877219319343567
d16-s7,432,0.08035714285714286,7,0.6161697231971256,0.3307327330112457
d16-s7,648,0.12053571428571429,0,0.5798693206438652,0.19986778497695923
d16-s7,648,0.12053571428571429,1,0.5662168064044963,0.18787558376789093
d16-s7,648,0.12053571428571429,2,0.673475585630241,0.2526088356971741
d16-s7,648,0.12053571428571429,3,0.6419419025135703,0.22594980895519257
d16-s7,648,0.12053571428571429,4,0.5792902843123255,0.210093155503273
d16-s7,648,0.12053571428571429,5,0.5641849931350984,0.188965305685997
d16-s7,648,0.12053571428571429,6,0.6390820628666266,0.24078038334846497
d16-s7,648,0.12053571428571429,7,0.5708823661326352,0.19352799654006958
d16-s7,864,0.16071428571428573,0,0.4520123160858893,0.1517903208732605
d16-s7,864,0.16071428571428573,1,0.4436772697075993,0.15381182730197906
d16-s7,864,0.16071428571428573,2,0.4714083390712031,0.1694493144750595
d16-s7,864,0.16071428571428573,3,0.47917006237514886,0.17967697978019714
d16-s7,864,0.16071428571428573,4,0.4748817123120384,0.23571568727493286
d16-s7,864,0.16071428571428573,5,0.47637408194919806,0.1486799716949463
d16-s7,864,0.16071428571428573,6,0.48563999205747854,0.18447263538837433
d16-s7,864,0.16071428571428573,7,0.4728265460568493,0.14860977232456207
d16-s7,1080,0.20089285714285715,0,0.4772730139894184,0.1886008083820343
d16-s7,1080,0.20089285714285715,1,0.5981861754574808,0.2194017767906189
d16-s7,1080,0.20089285714285715,2,0.574063452723104,0.24325141310691833
d16-s7,1080,0.20089285714285715,3,0.6197928405991532,0.23220477998256683
d16-s7,1080,0.20089285714285715,4,0.6628684004579324,0.27835559844970703
d16-s7,1080,0.20089285714285715,5,0.6473711912526384,0.3224060833454132
d16-s7,1080,0.20089285714285715,6,0.5708740857381955,0.2234257608652115
d16-s7,1080,0.20089285714285715,7,0.6316653423547948,0.33220717310905457
d16-s7,1296,0.24107142857142858,0,0.5672213249028246,0.2691290080547333
d16-s7,1296,0.24107142857142858,1,0.5896307949271764,0.2619154453277588
d16-s7,1296,0.24107142857142858,2,0.5034065572316321,0.21354182064533234
d16-s7,1296,0.24107142857142858,3,0.5530140829746586,0.2536334693431854
d16-s7,1296,0.24107142857142858,4,0.5706149213245,0.3359323740005493
d16-s7,1296,0.24107142857142858,5,0.5531890670837305,0.2695274353027344
d16-s7,1296,0.24107142857142858,6,0.5359602194810913,0.23643942177295685
d16-s7,1296,0.24107142857142858,7,0.5254467337226617,0.27578529715538025
d16-s7,1512,0.28125,0,0.5053409654083209,0.2651348412036896
d16-s7,1512,0.28125,1,0.568450995025526,0.2795909643173218
d16-s7,1512,0.28125,2,0.5615832729738931,0.3187512159347534
d16-s7,1512,0.28125,3,0.4699142096840583,0.2905336618423462
d16-s7,1512,0.28125,4,0.5977746016160842,0.3385423719882965
d16-s7,1512,0.28125,5,0.5275953007496249,0.2852201461791992
d16-s7,1512,0.28125,6,0.5744497839845887,0.30240947008132935
d16-s7,1512,0.28125,7,0.5042160510513647,0.26084449887275696
d16-s7,1728,0.32142857142857145,0,0.6938773127828752,0.45817452669143677
d16-s7,1728,0.32142857142857145,1,0.641711605268625,0.4426281154155731
d16-s7,1728,0.32142857142857145,2,0.6694036377331002,0.45939508080482483
d16-s7,1728,0.32142857142857145,3,0.6662292290536964,0.47657355666160583
d16-s7,1728,0.32142857142857145,4,0.6073531941336923,0.4146955907344818
d16-s7,1728,0.32142857142857145,5,0.6482345867496818,0.412312775850296
d16-s7,1728,0.32142857142857145,6,0.5810195999780874,0.3213539123535156
d16-s7,1728,0.32142857142857145,7,0.6132943036742087,0.3783453702926636
d16-s7,1944,0.36160714285714285,0,0.5767905868173167,0.5048961043357849
d16-s7,1944,0.36160714285714285,1,0.5140810667055974,0.43849292397499084
d16-s7,1944,0.36160714285714285,2,0.49901480015893107,0.4041605293750763
d16-s7,1944,0.36160714285714285,3,0.5337358566880913,0.38306960463523865
d16-s7,1944,0.36160714285714285,4,0.5001634059062668,0.36408695578575134
d16-s7,1944,0.36160714285714285,5,0.5367524932859674,0.387470006942749
d16-s7,1944,0.36160714285714285,6,0.5611472868073965,0.4729612171649933
d16-s7,1944,0.36160714285714285,7,0.6045104438130651,0.45122474431991577
d16-s7,2160,0.4017857142857143,0,0.5490838220821788,0.5070318579673767
d16-s7,2160,0.4017857142857143,1,0.5177921936783066,0.48111066222190857
d16-s7,2160,0.4017857142857143,2,0.513306359580604,0.5110671520233154
d16-s7,2160,0.4017857142857143,3,0.5751775436708193,0.6095592379570007
d16-s7,2160,0.4017857142857143,4,0.43224009452880796,0.5052595734596252
d16-s7,2160,0.4017857142857143,5,0.5202562907358992,0.7331362962722778
d16-s7,2160,0.4017857142857143,6,0.49864389547853255,0.5160871744155884
d16-s7,2160,0.4017857142857143,7,0.4160344646300374,0.48298048973083496
d16-s7,2376,0.4419642857142857,0,0.5807844950421934,0.5613419413566589
d16-s7,2376,0.4419642857142857,1,0.6020371550625656,0.6133338212966919
d16-s7,2376,0.4419642857142857,2,0.5274921664983349,0.4999447166919708
d16-s7,2376,0.4419642857142857,3,0.4941521688674996,0.627325713634491
d16-s7,2376,0.4419642857142857,4,0.5454530063906796,0.6581040024757385
d16-s7,2376,0.4419642857142857,5,0.5510361107223669,0.6720173358917236
d16-s7,2376,0.4419642857142857,6,0.5738935290072413,0.671517550945282
d16-s7,2376,0.4419642857142857,7,0.5756280118742461,0.649405300617218
d16-s7,2592,0.48214285714285715,0,0.5398082442554774,0.7679553031921387
d16-s7,2592,0.48214285714285715,1,0.5145163995055895,0.9497984647750854
d16-s7,2592,0.48214285714285715,2,0.5148692642127204,0.6768211722373962
d16-s7,2592,0.48214285714285715,3,0.49456265970641367,0.7836965918540955
d16-s7,2592,0.48214285714285715,4,0.5453258125539062,0.8678925037384033
d16-s7,2592,0.48214285714285715,5,0.4745804596381579,0.7204561829566956
d16-s7,2592,0.48214285714285715,6,0.4907443701210706,0.6326929330825806
d16-s7,2592,0.48214285714285715,7,0.484627658397522,0.6750170588493347
d16-s7,2808,0.5223214285714286,0,0.49128352134123393,0.7916423678398132
d16-s7,2808,0.5223214285714286,1,0.472554093182755,0.795516312122345
d16-s7,2808,0.5223214285714286,2,0.5015002134907685,0.737776517868042
d16-s7,2808,0.5223214285714286,3,0.5707946696067779,0.9716433882713318
d16-s7,2808,0.5223214285714286,4,0.5198931793363052,0.8106158375740051
d16-s7,2808,0.5223214285714286,5,0.46588060034796897,0.7957253456115723
d16-s7,2808,0.5223214285714286,6,0.5139770046503349,0.7799870371818542
d16-s7,2808,0.5223214285714286,7,0.5061467431157118,0.8824471831321716
d16-s7,3024,0.5625,0,0.4068342911038527,0.8540827035903931
d16-s7,3024,0.5625,1,0.4949944664487376,0.9446162581443787
d16-s7,3024,0.5625,2,0.512931602709201,1.0142521858215332
d16-s7,3024,0.5625,3,0.48186460928536795,0.8964933753013611
d16-s7,3024,0.5625,4,0.5311283512898475,0.8979371190071106
d16-s7,3024,0.5625,5,0.42068090945478875,0.7435081601142883
d16-s7,3024,0.5625,6,0.40800703008786837,0.7239709496498108
d16-s7,3024,0.5625,7,0.5399511673337876,0.8864759802818298
d16-s7,3240,0.6026785714285714,0,0.4731428585451918,0.9006245136260986
d16-s7,3240,0.6026785714285714,1,0.48418667603907456,0.9366783499717712
d16-s7,3240,0.6026785714285714,2,0.4414456775736185,0.9347729682922363
d16-s7,3240,0.6026785714285714,3,0.4276676799603772,0.8547560572624207
d16-s7,3240,0.6026785714285714,4,0.46406062482649263,0.7371679544448853
d16-s7,3240,0.6026785714285714,5,0.5067088881624414,0.8488888144493103
d16-s7,3240,0.6026785714285714,6,0.4951848354300513,0.8634988069534302
d16-s7,3240,0.6026785714285714,7,0.5875873482456506,1.3779078722000122
d16-s7,3456,0.6428571428571429,0,0.3824341844083449,0.8249433636665344
d16-s7,3456,0.6428571428571429,1,0.42771221774521534,0.8878487944602966
d16-s7,3456,0.6428571428571429,2,0.4536469392365495,0.9511796832084656
d16-s7,3456,0.6428571428571429,3,0.437178598537937,0.8691017627716064
d16-s7,3456,0.6428571428571429,4,0.43563664967311894,0.8900081515312195
d16-s7,3456,0.6428571428571429,5,0.3434781154411282,0.6953048706054688
d16-s7,3456,0.6428571428571429,6,0.4676204252529228,0.9204807877540588
d16-s7,3456,0.6428571428571429,7,0.4908340465380301,0.8360618948936462
d16-s7,3672,0.6830357142857143,0,0.4201535039405166,0.840882420539856
d16-s7,3672,0.6830357142857143,1,0.449972347657842,0.9150238633155823
d16-s7,3672,0.6830357142857143,2,0.4147016778492462,0.9526915550231934
d16-s7,3672,0.6830357142857143,3,0.5363585315954711,1.157437801361084
d16-s7,3672,0.6830357142857143,4,0.42299628263316685,0.9035508632659912
d16-s7,3672,0.6830357142857143,5,0.4747096222049945,0.9834791421890259
d16-s7,3672,0.6830357142857143,6,0.4876878041180319,0.9476783275604248
d16-s7,3672,0.6830357142857143,7,0.41478865675744414,0.8325530886650085
d16-s7,3888,0.7232142857142857,0,0.37667724295640936,0.7287721633911133
d16-s7,3888,0.7232142857142857,1,0.4143894215383759,0.7697064876556396
d16-s7,3888,0.7232142857142857,2,0.4777646528207766,1.0045839548110962
d16-s7,3888,0.7232142857142857,3,0.4304870812878735,0.8161080479621887
d16-s7,3888,0.7232142857142857,4,0.33982426050870845,0.8967548608779907
d16-s7,3888,0.7232142857142857,5,0.4257737619814838,0.7787348628044128
d16-s7,3888,0.7232142857142857,6,0.33710003767519164,0.710610568523407
d16-s7,3888,0.7232142857142857,7,0.41460885108229806,0.7721251249313354
d16-s7,4104,0.7633928571428571,0,0.4642837776090497,0.8595331311225891
d16-s7,4104,0.7633928571428571,1,0.4153505617627602,0.8882935643196106
d16-s7,4104,0.7633928571428571,2,0.4494566743503867,0.9252009391784668
d16-s7,4104,0.7633928571428571,3,0.3680591012071945,0.8601527214050293
d16-s7,4104,0.7633928571428571,4,0.3971133337191296,0.8220593333244324
d16-s7,4104,0.7633928571428571,5,0.4478229718859976,0.8780997395515442
d16-s7,4104,0.7633928571428571,6,0.2612411536749879,0.649190366268158
d16-s7,4104,0.7633928571428571,7,0.46022596701226137,0.7973870038986206
d16-s7,4320,0.8035714285714286,0,0.45812425342564084,0.858369767665863
d16-s7,4320,0.8035714285714286,1,0.5098962139583918,1.15425443649292
d16-s7,4320,0.8035714285714286,2,0.31352138388514644,0.6782550811767578
d16-s7,4320,0.8035714285714286,3,0.39271133203337644,0.8025305867195129
d16-s7,4320,0.8035714285714286,4,0.47526337726172657,0.7735038995742798
d16-s7,4320,0.8035714285714286,5,0.380595452231916,0.7358411550521851
d16-s7,4320,0.8035714285714286,6,0.35556615741643055,0.6854714751243591
d16-s7,4320,0.8035714285714286,7,0.3819369250647781,0.7779292464256287
d16-s7,4536,0.84375,0,0.3512718594395453,0.7217826843261719
d16-s7,4536,0.84375,1,0.4070429884135224,0.7065293788909912
d16-s7,4536,0.84375,2,0.33631684605966206,0.6632322669029236
d16-s7,4536,0.84375,3,0.35078297322572966,0.710230827331543
d16-s7,4536,0.84375,4,0.3295154060059916,0.7547574639320374
d16-s7,4536,0.84375,5,0.4231200396447681,0.813349187374115
d16-s7,4536,0.84375,6,0.33788683531310587,0.6438576579093933
d16-s7,4536,0.84375,7,0.44912172438113684,1.1623592376708984
d16-s7,4752,0.8839285714285714,0,0.4183142705753393,0.6571136116981506
d16-s7,4752,0.8839285714285714,1,0.338933629195135,0.6917811036109924
d16-s7,4752,0.8839285714285714,2,0.37795925454689583,0.7218358516693115
d16-s7,4752,0.8839285714285714,3,0.42906770353800217,0.6817918419837952
d16-s7,4752,0.8839285714285714,4,0.34761324389146464,0.6914339661598206
d16-s7,4752,0.8839285714285714,5,0.35640413062725135,0.6948566436767578
d16-s7,4752,0.8839285714285714,6,0.3390985741217227,0.8074272871017456
d16-s7,4752,0.8839285714285714,7,0.36080613006712825,0.7183530330657959
d16-s7,4968,0.9241071428571429,0,0.36284558804927963,0.6676441431045532
d16-s7,4968,0.9241071428571429,1,0.3923864907657776,0.6515991687774658
d16-s7,4968,0.9241071428571429,2,0.36238332718592303,0.6082306504249573
d16-s7,4968,0.9241071428571429,3,0.3961940928402746,0.6587207317352295
d16-s7,4968,0.9241071428571429,4,0.34198070197117536,0.6739806532859802
d16-s7,4968,0.9241071428571429,5,0.3613962700354501,0.682102620601654
d16-s7,4968,0.9241071428571429,6,0.32438799434809595,0.6810293197631836
d16-s7,4968,0.9241071428571429,7,0.4291476399222668,0.7955272197723389
d16-s7,5184,0.9642857142857143,0,0.333002544866884,0.7272655963897705
d16-s7,5184,0.9642857142857143,1,0.37525474905062584,0.7392507791519165
d16-s7,5184,0.9642857142857143,2,0.34656617096146125,0.7402565479278564
d16-s7,5184,0.9642857142857143,3,0.3839830212713678,0.7782259583473206
d16-s7,5184,0.9642857142857143,4,0.343431131900342,0.6393573880195618
d16-s7,5184,0.9642857142857143,5,0.28989706911187113,0.6078344583511353
d16-s7,5184,0.9642857142857143,6,0.34705531707449866,0.6255394816398621
d16-s7,5184,0.9642857142857143,7,0.3358534229271882,0.7368069291114807
