run,step,progress,K,b,s2,signal_raw,gbar2,row_trace,b_noise,mean_sq_norm_sub,cos_mean,cos_sd,cos_min,cos_max,cos_pred_mean,I_exact,I_sketch,rel_err_inner,abs_err_cos,sd_err_cos,pred_cos_from_bnoise,analytic_full_sd,null_block_sd
d12-s10,0,0.0,8,4,0.1884063996041603,0.0737321422962467,0.0972829422467668,0.7536255984166412,10.221127108834915,0.2621385417878628,0.2755726490701948,0.043452485403345,0.1924362331628799,0.3475598096847534,0.2844419647099793,0.0737321422962467,0.0721477153910402,-0.0214889579478168,-0.0088693156397845,0.0542711373880986,0.2812716579626793,0.0156039253959942,0.0132980969020793
d12-s10,101,0.040079365079365,8,4,0.118430856582625,0.0137969686420132,0.0286008257148413,0.4737234263305002,34.335326738944865,0.1322278250008821,0.1024896726012229,0.0146825787463016,0.0745024979114532,0.1295682191848755,0.1050934987673833,0.0137969686420132,0.013509142351613,-0.0208615600910828,-0.0026038261661603,0.0161270544313966,0.1043424000854125,0.0056619090482486,0.0153269909017987
d12-s10,202,0.0801587301587301,8,4,0.2485873968546497,0.0398232812740952,0.0708967058809264,0.994349587418599,24.969052162595567,0.2884106785058975,0.1392513609358242,0.0338261049249161,0.0716221332550048,0.1958592683076858,0.1388011834404356,0.0398232812740952,0.0397665267033513,-0.0014251605826555,0.0004501774953886,0.0300364063119349,0.1380783871543006,0.0030211001725882,0.0162181870720805
d12-s10,303,0.1202380952380952,8,4,0.2376346300169903,0.0461035468675287,0.0758078756196525,0.9505385200679614,20.61747055598963,0.2837381735444069,0.1657082427825246,0.0276731907660275,0.1060971245169639,0.2267406731843948,0.1645463120307805,0.0461035468675287,0.0465720681588697,0.0101623697779108,0.001161930751744,0.0270689624877421,0.1624862306995536,0.0028894145913402,0.0151358266136144
d12-s10,404,0.1603174603174603,8,4,0.1993459703546177,0.0522585061294473,0.0771767524237745,0.7973838814184708,15.258451503441472,0.2516044769436121,0.2070282255964619,0.0172035344815676,0.1759389340877533,0.2373156994581222,0.2081764083630926,0.0522585061294473,0.0521134727556409,-0.0027753065395165,-0.0011481827666307,0.0219749255183631,0.2077010189155241,0.0030977887101683,0.0153432449582133
d12-s10,505,0.2003968253968254,8,4,0.1726608586928811,0.044117356267131,0.0656999636037412,0.6906434347715243,15.654687705892233,0.216778215020895,0.2032769572521959,0.0397854286583091,0.1391690522432327,0.2730868756771087,0.2049520211518011,0.044117356267131,0.0443290396196687,0.0047981876170445,-0.0016750638996052,0.0501341830161067,0.2035137906974146,0.0031138659547172,0.0148630668553889
d12-s10,606,0.2404761904761904,8,4,0.1728361651710039,0.0338202648904462,0.0554247855368217,0.6913446606840158,20.441728145048067,0.2066564299166202,0.164068162973438,0.0212611975938318,0.1162778884172439,0.2105308622121811,0.1640908375300368,0.0338202648904462,0.0338411093387574,0.0006163301316144,-2.2674556598857587e-05,0.0211996969457646,0.1636545491489891,0.0041708239684123,0.0148935044310804
d12-s10,707,0.2805555555555555,8,4,0.1878219895898537,0.0444964982611674,0.0679742469598991,0.7512879583594148,16.884204099608244,0.2323184870183468,0.1923577572618212,0.0410521353956492,0.125480517745018,0.2836454212665558,0.1918934414369676,0.0444964982611674,0.0446509002980581,0.0034699817496743,0.0004643158248535,0.0415294924498195,0.1915323170048426,0.0052216883324786,0.0150972439790136
d12-s10,808,0.3206349206349206,8,4,0.2095317419535019,0.0703761584713648,0.0965676262155526,0.8381269678140078,11.90924577326895,0.2799079082906246,0.2549178451299667,0.0187726291789835,0.2164355814456939,0.2959061563014984,0.2527637122305065,0.0703761584713648,0.0712140317702403,0.0119056413006178,0.0021541328994601,0.0241365007533519,0.2514261239662841,0.0061516676349068,0.0151596152278871
d12-s10,909,0.3607142857142857,8,4,0.2450065477974996,0.067616235712274,0.0982420541869615,0.9800261911899985,14.493947805084613,0.3126227874308824,0.2147437504359654,0.047235476894151,0.1399479508399963,0.2992584407329559,0.2217055050451553,0.067616235712274,0.0674802263970601,-0.0020114890126788,-0.00696175460919,0.066767744580483,0.2162869735633332,0.0068311144615039,0.0149882633255791
d12-s10,1010,0.4007936507936508,8,4,0.2608327266316662,0.0735532544530985,0.1061573452820567,1.0433309065266647,14.184700789710783,0.334385983645916,0.222809546227966,0.0337224394731018,0.1681671142578125,0.3012160956859588,0.2217786675169148,0.0735532544530985,0.0745692836753752,0.013813518243772,0.0010308787110511,0.0424378404780547,0.2199651259735474,0.0074506326413933,0.0147105363196292
d12-s10,1111,0.4408730158730158,8,4,0.2731820576791445,0.0532482402992727,0.0873959975091658,1.092728230716578,20.52139609825758,0.3264302983880043,0.1647616334791694,0.0292595358158622,0.0776432380080223,0.2099825739860534,0.163452029221196,0.0532482402992727,0.053582578608983,0.0062788611948708,0.0013096042579733,0.0270044872004821,0.1631228492852504,0.0070766552186901,0.015089027961311
d12-s10,1212,0.4809523809523809,8,4,0.3102353536159553,0.0824743737811667,0.1212537929831611,1.2409414144638211,15.046387836256514,0.392709732055664,0.2108344111059393,0.0230583803253659,0.1686794757843017,0.259832888841629,0.2114556654493654,0.0824743737811667,0.082587220782445,0.0013682674521145,-0.0006212543434261,0.0269572510451089,0.2100135749827397,0.0098558269665353,0.0150558197172861
d12-s10,1313,0.5210317460317461,8,4,0.3191852229860054,0.047877275356724,0.0877754282299747,1.2767408919440215,26.666949663097554,0.3670625016093254,0.1320516280829906,0.0432379278363813,0.0649007111787796,0.1971055418252945,0.1306180400230191,0.047877275356724,0.0482503721464043,0.0077927740645311,0.0014335880599715,0.0417133141067585,0.1304335789487833,0.0078642145538254,0.0151626923051793
d12-s10,1414,0.5611111111111111,8,4,0.3593166807117467,0.1047087500580511,0.1496233351470195,1.437266722846987,13.726328717038044,0.4640254266560077,0.2315813031579767,0.0277811284401905,0.1817553341388702,0.2897629737854004,0.2269150180624218,0.1047087500580511,0.1077217738447511,0.0287752817699524,0.0046662850955548,0.0379719176772043,0.2256530420850942,0.0100013006770252,0.0153221274101588
d12-s10,1515,0.6011904761904762,8,4,0.3858884427812979,0.0623117753085468,0.1105478306562091,1.5435537711251917,24.771461950522752,0.4482002258300781,0.1435318840667605,0.0407372246796544,0.0623196773231029,0.2196653038263321,0.1404819173902752,0.0623117753085468,0.0648256699086327,0.0403438128289216,0.0030499666764853,0.0475904611929857,0.1390266510224143,0.0094938252457805,0.0150763581385091
d12-s10,1616,0.6412698412698413,8,4,0.4229239426344447,0.0538169302914356,0.1066824231207412,1.6916957705377789,31.43426727196649,0.4767408668994903,0.1160086914896965,0.0275026440807573,0.0471321046352386,0.1619345843791961,0.1136923198074209,0.0538169302914356,0.0556850325551132,0.0347121668508619,0.0023163716822755,0.0329044173189835,0.1128850772981713,0.0083973696426845,0.01493063399646
d12-s10,1717,0.6813492063492064,8,4,0.4303675378569137,0.0362077491453755,0.0900036913774897,1.7214701514276547,47.54424652346888,0.4665752910077572,0.0796524742618203,0.0255441972343328,0.0397408232092857,0.1299514174461364,0.0781496537533289,0.0362077491453755,0.0375456609128064,0.036950978699592,0.0015028205084913,0.0291077161140058,0.0776032296481187,0.0097217503357462,0.0155194654468633
d12-s10,1818,0.7214285714285714,8,4,0.4304344098145764,0.0354494854046945,0.0892537866315166,1.7217376392583057,48.56876255332881,0.4658838920295238,0.0781710954782154,0.032863794875486,0.0095258746296167,0.1510182917118072,0.0765133457820895,0.0354494854046945,0.0365487737147632,0.0310099934461429,0.0016577496961258,0.0341758454876502,0.0760908152620516,0.0100129370572833,0.0150781703658783
d12-s10,1919,0.7615079365079365,8,4,0.4752235598990881,0.0216670637103396,0.0810700086977256,1.9008942395963524,87.7319725925409,0.496890626847744,0.0446042218598969,0.0303225486773611,-0.0161399487406015,0.1079264059662818,0.0438367991618632,0.0216670637103396,0.022630651047349,0.0444724467464249,0.0007674226980337,0.0319771048702491,0.0436052979888198,0.0084070666621615,0.0150858083316185
d12-s10,2020,0.8015873015873016,8,4,0.4980661554709635,0.0195193219699787,0.0817775914038492,1.992264621883854,102.0662820638959,0.5175854824483395,0.0400686203107138,0.0275364045272117,-0.0064474251121282,0.0837405323982238,0.0387119317068236,0.0195193219699787,0.0200111757438108,0.0251983022047892,0.0013566886038901,0.0267628061974458,0.0377122674818595,0.0089895319151665,0.0150804404166724
d12-s10,2121,0.8416666666666667,8,4,0.4359615463655097,0.0180941755233077,0.0725893688189964,1.7438461854620388,96.376106400412,0.4540557228028774,0.0407119788620288,0.0235625454699155,-0.0017449898878112,0.0861747711896896,0.0398763149669339,0.0180941755233077,0.0184770500596393,0.0211600984990105,0.0008356638950948,0.0235631757077397,0.0398501211438062,0.0081115967257638,0.0152174664241525
d12-s10,2222,0.8817460317460317,8,4,0.4679863577644556,0.005507804647579,0.0640060993681359,1.8719454310578223,339.8714280617506,0.4734941646456718,0.0115318327776289,0.0277143084615057,-0.0430962145328521,0.0852630212903022,0.0117222013839728,0.005507804647579,0.0053213410094618,-0.0338544392999017,-0.0001903686063439,0.0276106479471797,0.0116322545974412,0.0068334183116042,0.0152827310153701
d12-s10,2323,0.9218253968253968,8,4,0.482361779027877,0.001332420140076,0.0616276425185606,1.929447116111508,1448.077117778619,0.4836941957473755,0.0026705796435635,0.0234623797534941,-0.0576447956264019,0.0530550926923751,0.002765867478585,0.001332420140076,0.0011295558021103,-0.1522525304624208,-9.528783502148669e-05,0.0234255460179125,0.0027546746319638,0.0062411233611334,0.0153427644098364
d12-s10,2424,0.961904761904762,8,4,0.4589790555817014,0.0032101102894291,0.0605824922371418,1.8359162223268053,571.9168678946755,0.4621891677379608,0.0065267718081096,0.0173677015922943,-0.0385066531598567,0.0379131995141506,0.0069607794475672,0.0032101102894291,0.0030534233983202,-0.0488104385774153,-0.0004340076394575,0.0174046006039011,0.0069454468569785,0.006828760082815,0.0149116767355723
d12-s11,0,0.0,8,4,0.1883252090892136,0.0737311794841534,0.0972718306203051,0.7533008363568544,10.216855903122449,0.2620563879609108,0.2766524888575077,0.0399995757778367,0.2033983319997787,0.3547783493995666,0.2843995577326588,0.0737311794841534,0.0721809165745217,-0.021025879695373,-0.007747068875151,0.0461210510057494,0.2813561611130545,0.0156034243452394,0.0135667541717961
d12-s11,101,0.040079365079365,8,4,0.1106797867075875,0.019654646888634,0.0334896202270824,0.4427191468303501,22.52490972434451,0.1303344340994954,0.1534637875322784,0.0208310945489985,0.1167141050100326,0.1894992291927337,0.1517753127576862,0.019654646888634,0.0199325218801394,0.0141378775757138,0.0016884747745921,0.0220828697923756,0.1508016442494734,0.0071721946072971,0.0155477273216504
d12-s11,202,0.0801587301587301,8,4,0.2071410097977621,0.0724673388637709,0.0983599650884912,0.8285640391910485,11.433620334101684,0.2796083427965641,0.2590917998126575,0.0441153496265347,0.1750607639551162,0.3231902122497558,0.2610534321075769,0.0724673388637709,0.0726026817480748,0.001867639772979,-0.0019616322949194,0.0543511082601132,0.2591744460087382,0.002930068648375,0.0156643118187088
d12-s11,303,0.1202380952380952,8,4,0.2108858318781951,0.0376997591042308,0.0640604880890052,0.8435433275127805,22.3752975497956,0.2485855929553508,0.1508323712540524,0.0355819614165035,0.0971524864435195,0.2091672420501709,0.15525776544202,0.0376997591042308,0.0376123598377767,-0.0023182977432935,-0.0044253941879675,0.0468623173040639,0.1516570568520846,0.0023495249337277,0.0151951329901778
d12-s11,404,0.1603174603174603,8,4,0.1971047956942015,0.0665611080668853,0.0911992075286605,0.7884191827768063,11.845042933848802,0.2636659108102321,0.2513421598289694,0.0388366427110744,0.1721252799034118,0.3230879008769989,0.2536357435477753,0.0665611080668853,0.066506558537263,-0.0008195405876872,-0.0022935837188059,0.0492269284931819,0.2524448823963136,0.0029075009208981,0.0148624824484188
d12-s11,505,0.2003968253968254,8,4,0.169849675993439,0.0295607666463527,0.0507919761455326,0.679398703973756,22.983121923110897,0.1994104441255331,0.1491213749561991,0.0194205503899394,0.1163113936781883,0.1916428506374359,0.1486209132403414,0.0295607666463527,0.0297482443222244,0.0063421114247318,0.0005004617158576,0.0218995395868049,0.1482408155512213,0.0029111981349598,0.0154801549021404
d12-s11,606,0.2404761904761904,8,4,0.1707767176249441,0.0409015133608312,0.0622486030639493,0.6831068704997766,16.701261502806485,0.2116782329976558,0.1932651773095131,0.0252781882691674,0.1496409028768539,0.2361967414617538,0.1945774057738497,0.0409015133608312,0.0409797007484331,0.0019116013364123,-0.0013122284643366,0.0339798746434961,0.1932249394297887,0.0037986498165744,0.0152850046353928
d12-s11,707,0.2805555555555555,8,4,0.2067822061585421,0.0857083458138891,0.1115561215837068,0.8271288246341685,9.650505056184755,0.2924905475229025,0.2897104429347174,0.043168346158111,0.2034879177808761,0.3540642559528351,0.2983612385823881,0.0857083458138891,0.0852595822328349,-0.0052359379567143,-0.0086507956476706,0.0731948005437233,0.2930294508178424,0.0037016070059783,0.0151543075400619
d12-s11,808,0.3206349206349206,8,4,0.1950389339524666,0.0516462507198528,0.0760261174639111,0.7801557358098664,15.105757435166032,0.2466851864010095,0.2063698034201349,0.032969229062112,0.129099041223526,0.2681974470615387,0.2099397278582478,0.0516462507198528,0.0509293591515712,-0.0138808056400892,-0.0035699244381128,0.0359140554546242,0.2093609747519145,0.0061142296869293,0.0157112105396923
d12-s11,909,0.3607142857142857,8,4,0.2535054792906602,0.0649981517769891,0.0966863366883217,1.014021917162641,15.600780782841085,0.3185036294162273,0.1988690692399229,0.0309117642085797,0.141364112496376,0.2547691762447357,0.2084496866285384,0.0649981517769891,0.0631183413837992,-0.0289209822402286,-0.0095806173886155,0.0437201814654169,0.2040735032097129,0.0069824294160049,0.0150989147605351
d12-s11,1010,0.4007936507936508,8,4,0.2846601879623409,0.0785012034184018,0.1140837269136945,1.1386407518493635,14.504755370188995,0.3631613925099373,0.2174358628690242,0.0323195938218018,0.1785613745450973,0.3067992627620697,0.2184952346280216,0.0785012034184018,0.0784491686549447,-0.0006628530671031,-0.0010593717589973,0.0340419225346764,0.2161606527608555,0.0092317477525698,0.0150967284632401
d12-s11,1111,0.4408730158730158,8,4,0.308618124052381,0.0687139487446221,0.1072912142511697,1.234472496209524,17.965384303520178,0.3773320689797401,0.1842460839876107,0.0336281348296594,0.1127157807350158,0.2341850847005844,0.1834246100476618,0.0687139487446221,0.0691545629958427,0.0064122970556991,0.0008214739399489,0.033652230850387,0.1821047127938917,0.0088411404424218,0.0150459188057627
d12-s11,1212,0.4809523809523809,8,4,0.3685473296457116,0.1070212810175016,0.1530896972232156,1.4741893185828463,13.774730638308894,0.4755686074495315,0.2191941951002393,0.0275459384268011,0.1602586358785629,0.2708389163017273,0.2274393063849979,0.1070212810175016,0.103567779571286,-0.0322692964743233,-0.0082451112847585,0.0292111041752921,0.2250385719702002,0.0109389744074305,0.015097811394812
d12-s11,1313,0.5210317460317461,8,4,0.3897395953985868,0.0639020875137933,0.1126195369386167,1.5589583815943473,24.39604780137807,0.4536416828632355,0.1460775889988456,0.0469992686749898,0.0720479562878608,0.2608153223991394,0.1412716030962739,0.0639020875137933,0.0664103301457204,0.0392513410674681,0.0048059859025717,0.0488918156003516,0.1408646734214146,0.01061277538408,0.0149031367543007
d12-s11,1414,0.5611111111111111,8,4,0.4036874098545532,0.064137837201857,0.1145987634336762,1.614749639418213,25.17624088782742,0.4678252451121807,0.1400090828537941,0.0494678590368546,0.0462862513959407,0.2178307771682739,0.1376418469919134,0.064137837201857,0.0657710095105681,0.0254634764744408,0.0023672358618806,0.0522580448113301,0.1370978535370139,0.0089070662173868,0.0150994913122232
d12-s11,1515,0.6011904761904762,8,4,0.442581169353137,0.0772761760021149,0.132598822171257,1.770324677412548,22.909061615110154,0.5198573432862759,0.1569471649293388,0.0443992642807223,0.0829190835356712,0.2494527846574783,0.1498047142742408,0.0772761760021149,0.0816709761275032,0.0568713457724408,0.007142450655098,0.0475346399965655,0.1486488104718558,0.0107122718540327,0.0153449535933468
d12-s11,1616,0.6412698412698413,8,4,0.4785589575634219,0.0751631499005291,0.1349830195959569,1.914235830253688,25.46774360556981,0.5537221059203148,0.1373700174902166,0.0425090230146935,0.0378848314285278,0.2063643634319305,0.1363380197595819,0.0751631499005291,0.0762164639950046,0.014013703468647,0.0010319977306347,0.0447434570591678,0.1357416452898668,0.0114139995406797,0.0152578782537769
d12-s11,1717,0.6813492063492064,8,4,0.5060171869160318,0.0463655180338494,0.1096176663983534,2.0240687476641277,43.6546130291576,0.5523827038705349,0.0807923690548964,0.0258371973431524,0.0183207169175148,0.1252952963113784,0.0847271454809849,0.0463655180338494,0.0446325669174621,-0.0373758601191987,-0.0039347764260884,0.0274794382076626,0.0839373094384921,0.0109424648004457,0.014953402949701
d12-s11,1818,0.7214285714285714,8,4,0.5054521979665034,0.055809432999107,0.1189909577449199,2.0218087918660137,36.22700828905327,0.5612616240978241,0.1003640001373631,0.0341927854977812,0.0256165564060211,0.1602476388216018,0.0999223421779571,0.055809432999107,0.0563918411867408,0.0104356585676672,0.000441657959406,0.0355303559570466,0.0994356818995285,0.0107154830001926,0.0154217957809348
d12-s11,1919,0.7615079365079365,8,4,0.5358214657360472,0.020070121042208,0.0870478042592139,2.1432858629441887,106.78988225515886,0.5558915846049786,0.0357158058198235,0.029234554399163,-0.0145569117739796,0.0786879658699035,0.0363692386292988,0.020070121042208,0.0196354478354317,-0.0216577272185947,-0.0006534328094752,0.0290061162922004,0.036104379917903,0.0102347688593551,0.0152366429067216
d12-s11,2020,0.8015873015873016,8,4,0.5926994796666268,0.0183531680936407,0.0924406030519691,2.370797918666508,129.17649457414237,0.6110526546835899,0.034113972709747,0.0371126312443215,-0.0303895249962806,0.0945746228098869,0.0311799733919288,0.0183531680936407,0.0199868133785137,0.0890116233087348,0.0029339993178181,0.0368498233044978,0.0300353302794969,0.0093029129957523,0.0150110490584741
d12-s11,2121,0.8416666666666667,8,4,0.483922039092038,0.0262126469799334,0.0867029018664382,1.9356881563681525,73.8455814038916,0.5101346969604492,0.0538204950613102,0.0321754148316016,0.0019274898804724,0.1385997980833053,0.0514822655494179,0.0262126469799334,0.0275490746514276,0.050984079269721,0.0023382295118923,0.0325865614993128,0.0513837770604669,0.0091252827611641,0.015298282795745
d12-s11,2222,0.8817460317460317,8,4,0.5127288200606179,0.0068547588920446,0.0709458613996218,2.050915280242472,299.1958305962708,0.5195835754275322,0.0143475993037489,0.0304303305168032,-0.0432610921561718,0.0934993326663971,0.0133237520147899,0.0068547588920446,0.0073921372127005,0.078394926666132,0.001023847288959,0.0304033831779582,0.0131927935556815,0.0082226039168043,0.0153534385417645
d12-s11,2323,0.9218253968253968,8,4,0.5327845468484895,0.0009960514898246,0.0675941198458858,2.131138187393958,2139.586365930934,0.5337805971503258,0.0046523864948539,0.0243441154792794,-0.0498975738883018,0.0507525615394115,0.0018720749233192,0.0009960514898246,0.0025245203117945,1.5345279210806648,0.0027803115715347,0.0243510825573266,0.0018660316484439,0.007293349970149,0.0152321406855131
d12-s11,2424,0.961904761904762,8,4,0.5031017204060098,0.0066830708650671,0.0695707859158183,2.012406881624039,301.1200871956981,0.5097848027944565,0.0135527917965581,0.0242864920939526,-0.0319039598107337,0.0597560331225395,0.013164265872314,0.0066830708650671,0.0067742957750727,0.0136501485391249,0.0003885259242441,0.0241639289303662,0.0131095924780412,0.0078699713316875,0.0153671679365117
d12-s7,0,0.0,8,4,0.188528610941906,0.0722533953475145,0.0958194717152527,0.754114443767624,10.437079671350904,0.2607820052653551,0.2852742235575403,0.0408609375889505,0.2143965065479278,0.3673376142978668,0.2802239186531262,0.0722533953475145,0.0740112665769766,0.0243292543001934,0.0050503049044141,0.0458352866587809,0.2770643434168783,0.0156033728569215,0.0140575334144036
d12-s7,101,0.040079365079365,8,4,0.1493720777821404,0.0436195087808898,0.0622910185036573,0.5974883111285619,13.69773130939815,0.1929915864020586,0.2254545587514128,0.0220861508029586,0.1758498549461364,0.2690283954143524,0.2293142250396501,0.0436195087808898,0.0433648664728229,-0.0058378077879326,-0.0038596662882373,0.0346441927409556,0.2260176702917764,0.0049443647943907,0.0155256749034632
d12-s7,202,0.0801587301587301,8,4,0.2408548282878371,0.0481548117555128,0.0782616652914924,0.9634193131513484,20.006709153858434,0.2890096418559551,0.1660162614924567,0.0300580859572778,0.096728965640068,0.2185831516981125,0.1670037346389261,0.0481548117555128,0.0479642266157467,-0.0039577590030601,-0.0009874731464694,0.0312943274406588,0.1666200883413088,0.002546613108983,0.0152316101541421
d12-s7,303,0.1202380952380952,8,4,0.2684385162111157,0.0460450130164252,0.0795998275428147,1.073754064844463,23.319660360643883,0.3144835270941257,0.1479458715766668,0.0269764245231946,0.0908213108777999,0.1986457854509353,0.1474487251594925,0.0460450130164252,0.0459657588433286,-0.0017212325049912,0.0004971464171742,0.0203052142065022,0.1464147045459728,0.0025251813375482,0.0160753917087241
d12-s7,404,0.1603174603174603,8,4,0.2144447380020437,0.0764341698870865,0.1032397621373419,0.8577789520081751,11.22245395319059,0.2908789068460464,0.2636934651860169,0.0265702357364446,0.2125768512487411,0.3079548478126526,0.2641424460757395,0.0764341698870865,0.0768485950043752,0.0054219875469436,-0.0004489808897226,0.0388883167920878,0.262769722431094,0.0033641162785736,0.0154420461612796
d12-s7,505,0.2003968253968254,8,4,0.1721332776131053,0.0915030652711347,0.1130197249727729,0.6885331104524214,7.524699947616114,0.2636363394558429,0.3472282780068261,0.0235784794910252,0.3053523302078247,0.3923472166061401,0.3486496377935981,0.0915030652711347,0.0915692911290318,0.0007237556217471,-0.0014213597867719,0.0377104967650565,0.3470806197281865,0.0035470207301495,0.0152054427607415
d12-s7,606,0.2404761904761904,8,4,0.1872948290263504,0.0341828278270516,0.0575946814553454,0.7491793161054018,21.916832624143407,0.2214776594191789,0.1531529969402722,0.021352508776744,0.1015143543481826,0.1904546618461609,0.1553736384882418,0.0341828278270516,0.0339639567658409,-0.0064029536209821,-0.0022206415479696,0.0275175407077299,0.1543398476970411,0.0034567212443715,0.0155140575584797
d12-s7,707,0.2805555555555555,8,4,0.2320492231686119,0.0704611844679843,0.0994673373640608,0.9281968926744476,13.173166186216962,0.302510404959321,0.2359397123966898,0.04517646861976,0.1452151089906692,0.2874900102615356,0.2361701307363665,0.0704611844679843,0.071939713247278,0.0209835924623925,-0.0002304183396767,0.0645387449137927,0.2329215216708475,0.0058567318245698,0.0155086550289521
d12-s7,808,0.3206349206349206,8,4,0.2489857464927394,0.085825087219518,0.1169483055311104,0.995942985970958,11.604334096667996,0.3348108343780041,0.2593624112861497,0.0330898247057007,0.1771178990602493,0.3174464702606201,0.2585230285064443,0.085825087219518,0.0868682908198446,0.0121549960987321,0.0008393827797053,0.044225992932109,0.2563390385786551,0.007156247710904,0.0154589484823751
d12-s7,909,0.3607142857142857,8,4,0.3094839875785981,0.1022393542785278,0.1409248527258526,1.2379359503143923,12.10821370156464,0.4117233343422413,0.250903481883662,0.0359022139082538,0.1727262586355209,0.3115730285644531,0.2533270826090968,0.1022393542785278,0.1030168824095631,0.0076049788901944,-0.0024236007254347,0.0518892070542655,0.2483205198358814,0.0091542791400679,0.0156789529179272
d12-s7,1010,0.4007936507936508,8,4,0.3448743164644067,0.1445740010609481,0.1876832906189989,1.3794972658576268,9.541807349414588,0.4894483163952827,0.2961915257786001,0.041746952109809,0.2100650668144226,0.3556883335113525,0.3008432977509067,0.1445740010609481,0.1453651523306634,0.0054722928321102,-0.0046517719723066,0.0677429976531004,0.2953815467012178,0.0074157671025972,0.0154127955494378
d12-s7,1111,0.4408730158730158,8,4,0.3757021353790029,0.1546675579697855,0.2016303248921609,1.5028085415160115,9.716378542742536,0.5303696915507317,0.2983820459672383,0.0466477230140755,0.1629566848278045,0.3854221105575561,0.2945613032315735,0.1546675579697855,0.1584033164420892,0.0241534716222354,0.0038207427356648,0.0606993044642566,0.2916221645192519,0.0113033003675199,0.015370169086638
d12-s7,1212,0.4809523809523809,8,4,0.4668033920429175,0.1292463272191358,0.1875967512245004,1.86721356817167,14.44693716523046,0.596049714833498,0.21719584188291,0.0381041923531273,0.1521000862121582,0.319347470998764,0.2213688539637283,0.1292463272191358,0.1301678271480609,0.0071297958615313,-0.0041730120808183,0.0586137349202781,0.2168381647409394,0.0115970094483747,0.0156125380680064
d12-s7,1313,0.5210317460317461,8,4,0.4546896918933945,0.1491127417664956,0.2059489532531699,1.818758767573578,12.197205591066648,0.6038024351000786,0.252273782555546,0.0429882128464285,0.176844373345375,0.3406405746936798,0.2475632289549408,0.1491127417664956,0.1528412289751119,0.0250044842878346,0.0047105536006052,0.0499994726322427,0.2469561787995175,0.0115124609217537,0.0155305309965134
d12-s7,1414,0.5611111111111111,8,4,0.5198965232399482,0.1280431226288654,0.1930301880338589,2.0795860929597927,16.241294731521805,0.647939644753933,0.20640223047563,0.0403699294449126,0.1386928260326385,0.2914167940616607,0.1982814912309814,0.1280431226288654,0.1335044709737086,0.0426524145359446,0.0081207392446485,0.0410380091249438,0.1976158172219484,0.0098049969678078,0.0152685069370855
d12-s7,1515,0.6011904761904762,8,4,0.5333078023974187,0.140113978036094,0.2067774533357713,2.133231209589675,15.224970695216037,0.6734217777848244,0.2091653698257037,0.0502375345046935,0.0933403223752975,0.2797971367835998,0.2107545113364516,0.140113978036094,0.1410322694678322,0.0065538888025979,-0.0015891415107479,0.0583268943551993,0.2080627358769064,0.011147189652035,0.0151412783185713
d12-s7,1616,0.6412698412698413,8,4,0.5727035593545386,0.0749782640359783,0.1465662089552957,2.2908142374181546,30.55304449725464,0.6476818174123764,0.1130189515118088,0.0308812847446691,0.0550794675946235,0.1766002178192138,0.1163896948215569,0.0749782640359783,0.073334961850318,-0.0219170476509265,-0.0033707433097481,0.0331093815405132,0.1157640392677355,0.0110937284992291,0.0152571869545426
d12-s7,1717,0.6813492063492064,8,4,0.577487548099373,0.0518683214026106,0.1240542649150322,2.309950192397492,44.53489393780976,0.6293558701872826,0.083499293175659,0.0317528646639056,0.0282719824463129,0.1422719657421112,0.083434361634481,0.0518683214026106,0.0531859013839547,0.0254024025785774,6.493154117792957e-05,0.0361559491810415,0.0824149323397184,0.0110251291458522,0.0151587544152059
d12-s7,1818,0.7214285714285714,8,4,0.5769831693056388,0.0900961603566012,0.162219056519806,2.307932677222555,25.61632669014686,0.6670793294906616,0.1364093321774687,0.0384603948121119,0.0655906125903129,0.2106522321701049,0.1364196494446903,0.0900961603566012,0.0916843007585412,0.0176271707435051,-1.031726722163645e-05,0.0450995890759414,0.13506063874325,0.0118575944538144,0.0152708019309177
d12-s7,1919,0.7615079365079365,8,4,0.5942549779833703,0.0320330285009846,0.1063149007489059,2.3770199119334814,74.205281959538,0.6262880116701126,0.0520714144139284,0.038218713756282,-0.0037990224082022,0.1344026327133178,0.0515559449323172,0.0320330285009846,0.0328103917405948,0.0242675537090196,0.0005154694816111,0.0390832125650362,0.051147440425693,0.010623333108041,0.0152487134107018
d12-s7,2020,0.8015873015873016,8,4,0.6616936959693963,0.0361810387256415,0.118892750721816,2.646774783877585,73.15364282236087,0.6978747323155403,0.0529981450111206,0.0384496094666002,-0.0255311876535415,0.1466497033834457,0.0534767228249216,0.0361810387256415,0.0359370803200735,-0.0067427142547759,-0.000478577813801,0.0382227239397398,0.0518446032316274,0.0100215266706184,0.0148734112921484
d12-s7,2121,0.8416666666666667,8,4,0.5439838800526334,0.0231813763735278,0.091179361380107,2.1759355202105337,93.865674114819,0.5671652629971504,0.0418675834662281,0.0273465134291336,-0.0031119508203119,0.104166030883789,0.0409804722704067,0.0231813763735278,0.0237953845241248,0.0264871309064321,0.0008871111958213,0.027597746510459,0.0408723491273056,0.0103974504530558,0.015261971718542
d12-s7,2222,0.8817460317460317,8,4,0.584014505272285,0.006450353026625,0.0794521661856606,2.33605802108914,362.15971613439336,0.5904648527503014,0.009617424434899,0.0257770695862108,-0.0665015280246734,0.0616571865975856,0.0110248690689626,0.006450353026625,0.0055860765286894,-0.1339890226733523,-0.0014074446340635,0.0257304975410406,0.0109241946171158,0.0090333857220158,0.0150585369735342
d12-s7,2323,0.9218253968253968,8,4,0.5929572521634116,0.0048670444151928,0.0789867009356193,2.371829008653646,487.32429916805074,0.5978243052959442,0.007329530404864,0.0292878166533339,-0.0614212416112422,0.0666350871324539,0.0081749959089101,0.0048670444151928,0.0043440252921142,-0.1074613417222988,-0.0008454655040461,0.0292782078822491,0.0081412623124342,0.0079682523243306,0.0151793563022717
d12-s7,2424,0.961904761904762,8,4,0.5630295388076466,0.0084400833781696,0.0788187757291254,2.2521181552305864,266.83600793040995,0.5714696198701859,0.0126364533041071,0.030195629783341,-0.0535777658224105,0.0642117634415626,0.01481264638395,0.0084400833781696,0.0071411534759547,-0.1539001268132679,-0.0021761930798428,0.0301339538203258,0.0147690849180873,0.008664630174821,0.0152483366148874
d12-s8,0,0.0,8,4,0.1882414536471619,0.0726419220800442,0.0961721037859394,0.7529658145886479,10.365444539847854,0.2608833778649568,0.2778200565704277,0.0460611400882111,0.1886428594589233,0.3732089698314667,0.2813939723370391,0.0726419220800442,0.0721622742531483,-0.0066029066021591,-0.0035739157666114,0.0510458574106742,0.2784459602976104,0.0156048076734527,0.0130730818564251
d12-s8,101,0.040079365079365,8,4,0.1309708501155435,0.024868378254457,0.0412397345188999,0.5238834004621741,21.06624706692651,0.1558392290025949,0.1615780985781124,0.0162824230064786,0.1341300457715988,0.2012992352247238,0.1602927002550325,0.024868378254457,0.0251710745379034,0.0121719349910658,0.0012853983230799,0.0202587330835348,0.1595771393029063,0.0040259120128033,0.0159846822128551
d12-s8,202,0.0801587301587301,8,4,0.2301343355979627,0.0990001010326904,0.1277668929824358,0.920537342391851,9.298347504593796,0.3291344344615936,0.3033494012696402,0.0282504037927609,0.2596170902252197,0.3637018799781799,0.3020988364410006,0.0990001010326904,0.0998607092577127,0.0086930035024718,0.0012505648286396,0.0374984092382805,0.3007892520945355,0.0031289940603365,0.0149442913688586
d12-s8,303,0.1202380952380952,8,4,0.2462855489204522,0.0936239874689681,0.1244096810840247,0.985142195681809,10.522326834331167,0.3399095386266708,0.2748308868280479,0.0483004392406096,0.187553197145462,0.3697504699230194,0.2779267183991359,0.0936239874689681,0.0926880178213623,-0.0099971136981966,-0.0030958315710879,0.0463891905713227,0.2754379546495189,0.0028664900437853,0.014846778832415
d12-s8,404,0.1603174603174603,8,4,0.2022401110092703,0.0273638457091718,0.0526438595853306,0.8089604440370814,29.56311231377583,0.2296039555221796,0.1186332580234323,0.0131182834317856,0.0891138240694999,0.1431282311677932,0.1192941632889398,0.0273638457091718,0.0272401471552771,-0.0045205105747703,-0.0006609052655075,0.0139115892891581,0.1191784588569939,0.004181759719286,0.0157617191218857
d12-s8,505,0.2003968253968254,8,4,0.1861328016995531,0.0433792276058083,0.0666458278182524,0.7445312067982124,17.163311748283004,0.2295120302587747,0.1878571169716971,0.0275653036237577,0.1349251121282577,0.2338462024927139,0.189481547987192,0.0433792276058083,0.0431726616491514,-0.0047618634092333,-0.0016244310154949,0.0314111185351815,0.18900633547226,0.0032414981161475,0.0151276865267672
d12-s8,606,0.2404761904761904,8,4,0.1726082890611451,0.0334272460574993,0.0550032821901425,0.6904331562445805,20.65480222501556,0.2060355357825756,0.1617837721215827,0.0195640448669736,0.1150855496525764,0.1964156925678253,0.1629524006892595,0.0334272460574993,0.0333105933178097,-0.0034897502321609,-0.0011686285676768,0.0226897209191456,0.1622401982175087,0.0033141775676127,0.0152409240158054
d12-s8,707,0.2805555555555555,8,4,0.2000905402458995,0.0397248830863143,0.0647362006170517,0.800362160983598,20.147627854424872,0.2398154251277446,0.1641857219593865,0.0302482251488708,0.1038089320063591,0.2133776992559433,0.1674744915015464,0.0397248830863143,0.0396090321573919,-0.0029163315262796,-0.0032887695421599,0.0411180239188592,0.165647740809747,0.0036242393540583,0.0150875803966912
d12-s8,808,0.3206349206349206,8,4,0.1930570495335441,0.0805111355974074,0.1046432667891004,0.7722281981341764,9.591570065483507,0.2735681906342506,0.2960753616477762,0.0332267213365256,0.2326339930295944,0.3671879470348358,0.2962133022249339,0.0805111355974074,0.0811040634130705,0.0073645441871305,-0.0001379405771577,0.0463279644253007,0.2943000684047684,0.0044290528479991,0.0152828826440482
d12-s8,909,0.3607142857142857,8,4,0.2089472369023082,0.0828569590201299,0.1089753636329184,0.8357889476092331,10.087130368931106,0.2918041944503784,0.284210094915969,0.039978583232291,0.2072570621967315,0.3545796871185303,0.2854239354168972,0.0828569590201299,0.0824161899722584,-0.0053196382426302,-0.0012138405009282,0.0345962611922862,0.2839471130913875,0.0064781063731548,0.0152780810589937
d12-s8,1010,0.4007936507936508,8,4,0.2457158064993143,0.0565676609696194,0.0872821367820337,0.9828632259972576,17.37500206213439,0.3022834695875644,0.1860889680683612,0.0454467891302515,0.125819444656372,0.2839645445346832,0.1888416505312803,0.0565676609696194,0.0563489973905198,-0.0038655227271478,-0.002752682462919,0.0515822002966822,0.1871344848703412,0.0083105164735402,0.0152761322787935
d12-s8,1111,0.4408730158730158,8,4,0.2713074256720671,0.076210719015957,0.1101241472249654,1.085229702688269,14.239856501826765,0.3475181460380554,0.2111811648522104,0.0317596159200975,0.1399964690208435,0.2725462615489959,0.2209554946520962,0.076210719015957,0.0733706923895021,-0.0372654485238525,-0.0097743297998857,0.038810265815837,0.2192999708961192,0.0095066636957156,0.0151429304630242
d12-s8,1212,0.4809523809523809,8,4,0.3079621321451152,0.0704110112452419,0.1089062777633813,1.231848528580461,17.495112011527937,0.3783731460571289,0.1863454567002398,0.0331754577950872,0.124343954026699,0.2392508387565612,0.1871740661566792,0.0704110112452419,0.0699692882762777,-0.006273492755639,-0.0008286094564393,0.0290572389424665,0.1860888186046567,0.0076751141375991,0.0148125394302598
d12-s8,1313,0.5210317460317461,8,4,0.3229124471262911,0.0453830616492442,0.0857471175400306,1.2916497885051643,28.461054445555995,0.3682955130934715,0.1241613614505955,0.0261951517945845,0.0540555827319622,0.1760715395212173,0.1236707801872169,0.0453830616492442,0.0457319864127954,0.0076884359686427,0.0004905812633785,0.0277061611846684,0.123224586148575,0.0100141416472048,0.0151217425786197
d12-s8,1414,0.5611111111111111,8,4,0.3323055012569114,0.0501546398670704,0.0916928275241844,1.3292220050276455,26.50247332152333,0.38246014341712,0.1331955984766994,0.0413052592461736,0.0548356547951698,0.2040651589632034,0.1314208761571454,0.0501546398670704,0.0508029529597159,0.0129262834777358,0.0017747223195539,0.0408076831764929,0.1311369067628197,0.0092390033143569,0.0149488262319477
d12-s8,1515,0.6011904761904762,8,4,0.3705279756486683,0.0842359671712407,0.1305519641273242,1.4821119025946732,17.594763286586748,0.454763937741518,0.1797626901950155,0.0398523094413468,0.1032323613762855,0.2437451928853988,0.1872305014112335,0.0842359671712407,0.0821717184487066,-0.0245055502044361,-0.007467811216218,0.0496303024214809,0.1852300924495216,0.0107963999295537,0.0154674371000364
d12-s8,1616,0.6412698412698413,8,4,0.4020808744320488,0.051906187352642,0.1021662966566481,1.6083234977281953,30.985198099824068,0.4539870619773865,0.1134092085329549,0.0332777420456136,0.0265159420669078,0.1819171011447906,0.1151380650633468,0.051906187352642,0.051879044005502,-0.0005229308590049,-0.0017288565303918,0.0380189743569058,0.1143340674700971,0.0083718942702944,0.0151274567477167
d12-s8,1717,0.6813492063492064,8,4,0.4070167650028326,0.0359063899732264,0.0867834855985805,1.6280670600113305,45.341986794698585,0.4429231472313404,0.0776881738066939,0.0307290041772027,0.0073143397457897,0.1283864676952362,0.0818285484654652,0.0359063899732264,0.0346301193231436,-0.0355443878104835,-0.0041403746587713,0.0332771459919165,0.0810668613050208,0.0104236554392411,0.0149769955692971
d12-s8,1818,0.7214285714285714,8,4,0.4059260378071038,0.021684160021435,0.072424914747323,1.6237041512284154,74.87973477521673,0.4276101998984813,0.0504573751573583,0.02770445602506,-0.0058512650430202,0.0965476408600807,0.0509760629324214,0.021684160021435,0.0217066399787956,0.0010366994773291,-0.000518687775063,0.0286215526712072,0.0507101096548915,0.0070065627968434,0.0152238073780853
d12-s8,1919,0.7615079365079365,8,4,0.410635320006315,0.0124279103435832,0.0637573253443726,1.64254128002526,132.1655237779643,0.4230632297694683,0.0280801176974949,0.0257044611644866,-0.0153103731572628,0.06468016654253,0.0294845575573028,0.0124279103435832,0.0118589982956759,-0.0457769675013029,-0.0014044398598078,0.025720758208347,0.0293760115557776,0.0086168787425693,0.0152243856604152
d12-s8,2020,0.8015873015873016,8,4,0.4599937297359296,0.0107395118955346,0.0682387281125258,1.8399749189437185,171.32761123983266,0.470733243972063,0.0240422171232889,0.0277462566486608,-0.0355986393988132,0.0858311802148819,0.0234333170971562,0.0107395118955346,0.0111810525168492,0.041113658200633,0.0006089000261327,0.0279031281970798,0.0228144327736739,0.0073091625897358,0.0151633788659109
d12-s8,2121,0.8416666666666667,8,4,0.3960704349474601,0.0165336775463923,0.0660424819148248,1.5842817397898403,95.82149738583296,0.4126041159033775,0.0382294763860824,0.0229840322551295,-0.003029617248103,0.0778695419430732,0.0401341137477682,0.0165336775463923,0.0157145460715168,-0.0495432109751166,-0.0019046373616857,0.0228088067990013,0.0400715287263131,0.0079436654636505,0.0149493836701129
d12-s8,2222,0.8817460317460317,8,4,0.4289755392925696,0.0014404666260498,0.055062409037621,1.7159021571702786,1191.2127126997402,0.4304160065948963,0.0030889104371973,0.0255203476406715,-0.0344190299510955,0.0562532991170883,0.0033669168624044,0.0014404666260498,0.0012633293037775,-0.1229721807286993,-0.0002780064252071,0.0254994739194574,0.0033466846173053,0.0062152903904415,0.0151291685717423
d12-s8,2323,0.9218253968253968,8,4,0.4322250914377475,-0.0007310632175259,0.0532970732121924,1.72890036575099,,0.4314940236508846,-0.0012221364429154,0.0204857158888821,-0.0549458749592304,0.0369459353387355,-0.0016966478310614,-0.0007310632175259,-0.0005183567446826,0.2909549649662243,0.000474511388146,0.0204842210437601,,0.0054460369830555,0.0149276400610254
d12-s8,2424,0.961904761904762,8,4,0.4130332438773548,0.0059196075563926,0.057548763041062,1.6521329755094192,279.0950176629952,0.4189528487622738,0.0148643264048067,0.0232506204620289,-0.0504209995269775,0.0548168718814849,0.0141746460945915,0.0059196075563926,0.0061165092378945,0.0332626241902235,0.0006896803102151,0.0231040853317878,0.0141295316075174,0.0059047543158414,0.0156358435679054
d12-s9,0,0.0,8,4,0.1881235419558728,0.0722327716386191,0.0957482143831032,0.7524941678234915,10.417628325107378,0.2603563144803047,0.2952785640954971,0.0447737871009968,0.2061338871717453,0.3883281648159027,0.2804293002941405,0.0722327716386191,0.0766084275728882,0.0605771568085543,0.0148492638013565,0.0515005211585659,0.2774381409898225,0.0156022399854856,0.0137423356242015
d12-s9,101,0.040079365079365,8,4,0.1126223216625028,0.0378573398362873,0.0519351300441002,0.4504892866500114,11.899655089294054,0.1504796594381332,0.25030296508755,0.0214702350735929,0.2023188471794128,0.2797345817089081,0.2541793712763956,0.0378573398362873,0.0375758753869097,-0.0074348712982678,-0.0038764061888456,0.033091799473968,0.2515777843944161,0.0033223613871352,0.0150016503863697
d12-s9,202,0.0801587301587301,8,4,0.2156186061416381,0.0362904378963168,0.0632427636640216,0.8624744245665527,23.76588640320834,0.2519090455025434,0.144500447171075,0.0455384291845213,0.0730999857187271,0.2203296422958374,0.1446675589768744,0.0362904378963168,0.0363085979878599,0.0005004098213143,-0.0001671118057994,0.0457914169554826,0.1440616712865972,0.0029669068941647,0.015210688665264
d12-s9,303,0.1202380952380952,8,4,0.2128709908796021,0.0331837576176984,0.0597926314776486,0.8514839635184087,25.65966076922745,0.2460547480732202,0.1359835269727877,0.0250231827008762,0.0879514589905738,0.1829002350568771,0.1367848692123735,0.0331837576176984,0.0333260829515295,0.0042890059489585,-0.0008013422395857,0.0292525050901891,0.1348633091633363,0.0026017504843511,0.0152342356512599
d12-s9,404,0.1603174603174603,8,4,0.1948957327288545,0.0426142470246994,0.0669762136158063,0.7795829309154182,18.29395062321685,0.2375099845230579,0.1788511510406221,0.012875788517532,0.1514056473970413,0.2010823935270309,0.1797252480600409,0.0426142470246994,0.0424445660946101,-0.0039817887663479,-0.0008740970194188,0.0138360689622499,0.1794208692574393,0.0027860591924914,0.0150460765379556
d12-s9,505,0.2003968253968254,8,4,0.1698195528791026,0.0368550651317696,0.0580825092416574,0.6792782115164105,18.4310679980555,0.2066746149212122,0.1769471626196588,0.0278974171005786,0.1230125278234481,0.2322643399238586,0.1791271250606071,0.0368550651317696,0.0367317771573082,-0.0033452111404655,-0.0021799624409482,0.0357148931450454,0.1783240994297173,0.0041061621958268,0.0151642328124238
d12-s9,606,0.2404761904761904,8,4,0.1731598112269036,0.0744892784105129,0.0961342548138759,0.6926392449076145,9.298509257808297,0.2476490885019302,0.3011274960424219,0.0379371834271857,0.2299506515264511,0.3796518445014953,0.3044760325838265,0.0744892784105129,0.0748304499223129,0.0045801425262801,-0.0033485365414046,0.0604036369478613,0.3007855935169107,0.0041617091975435,0.0150021742272988
d12-s9,707,0.2805555555555555,8,4,0.1731436973399281,0.0603870687524862,0.0820300309199772,0.6925747893597125,11.468925444923132,0.2335307672619819,0.2584296954529626,0.033591522706761,0.1922059804201126,0.3304260969161987,0.2590637290411899,0.0603870687524862,0.0602844666221168,-0.0016990745285222,-0.0006340335882273,0.0340900420761678,0.2585829257657189,0.0034146349992086,0.0151512710003003
d12-s9,808,0.3206349206349206,8,4,0.1893738438033218,0.0559778773703157,0.0796496078457309,0.7574953752132875,13.532048923580245,0.2453517206013202,0.2289719735937459,0.0315868166486829,0.1568925380706787,0.2908566892147064,0.2287703684933776,0.0559778773703157,0.0562301141919521,0.0045060090429624,0.0002016051003682,0.0361292900931216,0.2281535955914475,0.0035262745856282,0.015200285102042
d12-s9,909,0.3607142857142857,8,4,0.2191794840555344,0.066864191576847,0.0942616270837888,0.8767179362221376,13.111920080788316,0.2860436718910932,0.2357306852936744,0.0366188119749274,0.147620752453804,0.3043867647647857,0.23848172845391,0.066864191576847,0.0668951083597949,0.0004623817654679,-0.0027510431602355,0.0461880186264576,0.2337551824175961,0.0048556541913264,0.0152695615078644
d12-s9,1010,0.4007936507936508,8,4,0.2439164611018611,0.0500647318875131,0.0805542895252457,0.9756658444074446,19.48808687519985,0.2939811982214451,0.1632640311228377,0.0298396027279698,0.1155053526163101,0.2152961045503616,0.1720266356915138,0.0500647318875131,0.0479937344465121,-0.0413663943243349,-0.008762604568676,0.0359599797280746,0.1702990976341901,0.0071589101022554,0.0150099760314773
d12-s9,1111,0.4408730158730158,8,4,0.2765969444969696,0.0640843414123745,0.0986589594744957,1.1063877779878786,17.26455720077412,0.3406812846660614,0.1804819516837597,0.0360362002738186,0.1174908131361007,0.2444350570440292,0.1895561147920053,0.0640843414123745,0.0614888744644764,-0.0405007977096401,-0.0090741631082457,0.0412926409401481,0.1881064327948659,0.0082005009366696,0.0153969936582578
d12-s9,1212,0.4809523809523809,8,4,0.3404108258252693,0.0805075979987611,0.1230589512269197,1.3616433033010773,16.913227287218664,0.4209184236824512,0.1929061455386025,0.0231831760463552,0.1485494077205658,0.2332857549190521,0.1943531208519549,0.0805075979987611,0.0809426672189819,0.0054040765224108,-0.0014469753133523,0.0343921150717045,0.1912665101882501,0.0073545240089275,0.0154338826096856
d12-s9,1313,0.5210317460317461,8,4,0.3577728679198039,0.0631806383961708,0.1079022468861463,1.4310914716792158,22.650791571709554,0.4209535084664821,0.1483370523367609,0.0256351832237522,0.1042638644576072,0.1999710649251938,0.1506004325190804,0.0631806383961708,0.0625193312660755,-0.0104669270029949,-0.0022633801823195,0.0287025420405391,0.1500893506009815,0.0096284785756008,0.0153064565410083
d12-s9,1414,0.5611111111111111,8,4,0.3900816699328199,0.1110490387167811,0.1598092474583836,1.5603266797312796,14.050789612963042,0.5011307038366795,0.2167044175522668,0.0310041899613952,0.1556129306554794,0.2846921384334564,0.2223969208096501,0.1110490387167811,0.1086498341425448,-0.0216049107850019,-0.0056925032573834,0.0355998326552715,0.2215969542477759,0.0083257960295928,0.015249943414816
d12-s9,1515,0.6011904761904762,8,4,0.4238084289918841,0.0935354120922909,0.1465114657162765,1.6952337159675364,18.123977625659645,0.5173438377678394,0.1767661856221301,0.0424133566630437,0.0805571153759956,0.2708454728126526,0.1827177039980415,0.0935354120922909,0.0916218879748641,-0.0204577504350843,-0.0059515183759113,0.0489250508198214,0.1807993150092844,0.0095716666641819,0.015116204332666
d12-s9,1616,0.6412698412698413,8,4,0.4694927924367827,0.0713861877480955,0.1300727868026934,1.877971169747131,26.307206323638308,0.540878988802433,0.13084491448743,0.0376147456137888,0.0149672329425811,0.2023462802171707,0.1333807090240437,0.0713861877480955,0.0714390523063329,0.0007405432325918,-0.0025357945366137,0.0451720191479168,0.1319818117607288,0.0095599004513351,0.0150750264076575
d12-s9,1717,0.6813492063492064,8,4,0.4761054284463008,0.0379447989927242,0.0974579775485118,1.9044217137852035,50.18926873615458,0.5140502341091633,0.0740729880386165,0.0270294501276849,0.0328402779996395,0.1351347714662552,0.0744632428321458,0.0379447989927242,0.0379205843531356,-0.0006381543777099,-0.0003902547935293,0.0273621907061704,0.0738153529894607,0.0101795519459839,0.0153219594854812
d12-s9,1818,0.7214285714285714,8,4,0.4738935242147875,0.0402553381260801,0.0994920286529286,1.89557409685915,47.08876350565459,0.5141488574445248,0.0767389075418967,0.0374383185099682,0.000373158196453,0.1470173746347427,0.0786675674913362,0.0402553381260801,0.0395164861367379,-0.0183541369601257,-0.0019286599494395,0.0381701797131562,0.0782951029839912,0.0100255145236443,0.0152436193314604
d12-s9,1919,0.7615079365079365,8,4,0.502494007729313,0.0301381609287163,0.0929499118948804,2.009976030917252,66.69205979990973,0.5326321609318256,0.0565258318591596,0.0315210317827302,0.0040312861092388,0.1283142268657684,0.0569348988974963,0.0301381609287163,0.0305159101941184,0.0125339189174665,-0.0004090670383366,0.0333846129465258,0.0565834410727569,0.0091128406653777,0.0147750784967849
d12-s9,2020,0.8015873015873016,8,4,0.5355431813290831,0.0165969054547464,0.0835398031208818,2.1421727253163323,129.07061085316394,0.552140086889267,0.0281113071167575,0.0277486504206527,-0.0214303061366081,0.0654582977294921,0.0310629703287342,0.0165969054547464,0.0153340664529487,-0.0760888230183039,-0.0029516632119767,0.0282275605184559,0.0300592292644825,0.0084824904863119,0.0151592128948257
d12-s9,2121,0.8416666666666667,8,4,0.4534862943026095,0.0171280319793126,0.0738138187671388,1.8139451772104385,105.90505549039896,0.4706143289804458,0.0368306857209453,0.0228805231513954,-0.0062032216228544,0.0860846191644668,0.0364678365203686,0.0171280319793126,0.0172801592217672,0.0088817701086929,0.0003628492005766,0.0227899351868078,0.0363950500925722,0.0091315185311581,0.0152298204935511
d12-s9,2222,0.8817460317460317,8,4,0.4912374649892115,0.0036390431175661,0.0650437262412175,1.964949859956846,539.9633355460337,0.494876503944397,0.0066624774543535,0.0309661381861214,-0.0495191812515258,0.0713483095169067,0.0074021811322132,0.0036390431175661,0.0032303779844144,-0.1123001624188094,-0.0007397036778597,0.0309419001996831,0.0073534367826184,0.0071650921884754,0.0148177190281754
d12-s9,2323,0.9218253968253968,8,4,0.4958636861684259,0.0032280977466438,0.065211058517697,1.983454744673704,614.4345371003303,0.4990917816758156,0.0060226760475156,0.0203949579850067,-0.0371664762496948,0.034966442734003,0.006483028276374,0.0032280977466438,0.0029607479879095,-0.0828195983260519,-0.0004603522288583,0.0203695707538754,0.0064679440749782,0.0067275010942189,0.0146831486187017
d12-s9,2424,0.961904761904762,8,4,0.4742628950535074,0.006720425125123,0.0660032870068114,1.8970515802140293,282.2814844141721,0.4809833280742168,0.011693657860243,0.0242478432284537,-0.0390177331864833,0.0626475065946579,0.0140088720680512,0.006720425125123,0.0055646227014718,-0.1719835281447434,-0.0023152142078082,0.0241909654391871,0.013972262328405,0.0072174636207676,0.0150528240502302
d14-s7,0,0.0,8,4,0.2202624268235056,0.089203949188533,0.1167367525414712,0.8810497072940224,9.8768015912829,0.3094663731753826,0.2939091362059116,0.0432107682350598,0.2088182419538498,0.3911803960800171,0.2915784570421328,0.089203949188533,0.0905742283782521,0.0153611942316923,0.0023306791637788,0.0502372981688455,0.2882508605234157,0.0156028344598418,0.0133852817464346
d14-s7,151,0.040170258047353,8,4,0.2105271643189549,0.0492646708525911,0.0755805663924604,0.8421086572758197,17.093561018514926,0.2597918305546045,0.1891720414693866,0.035792960434137,0.1230627372860908,0.2524507939815521,0.1900538864823582,0.0492646708525911,0.0492997468036764,0.000711989961128,-0.0008818450129715,0.0404406694420319,0.1896313285598856,0.0032742324229245,0.0156528743432999
d14-s7,302,0.080340516094706,8,4,0.226452581544586,0.0851004546457393,0.1134070273388125,0.9058103261783442,10.644012772306557,0.3115530349314213,0.2726391756108829,0.028753786341442,0.2301000654697418,0.3414002358913421,0.2799192799592104,0.0851004546457393,0.0846471195425908,-0.0053270585337726,-0.0072801043483275,0.0537391461061178,0.2731491744916012,0.0031799352873205,0.0149929497433369
d14-s7,453,0.120510774142059,8,4,0.1905058987128183,0.0527947928754132,0.0766080302145155,0.7620235948512735,14.433688501241392,0.2433006912469864,0.2163489463606051,0.0567673269238782,0.1033568158745765,0.308879405260086,0.2193860971466657,0.0527947928754132,0.0531130038763498,0.0060273179153775,-0.0030371507860606,0.0701555718948321,0.2169940107065726,0.0027699962262875,0.0151883680344345
d14-s7,604,0.160681032189412,8,4,0.1597232925855861,0.0299584491689492,0.0499238607421475,0.6388931703423444,21.325976079046583,0.1896817404776811,0.1558772647487265,0.0470319356737835,0.0791757628321647,0.2318362891674041,0.1585691800814211,0.0299584491689492,0.0298422850387444,-0.0038775081296668,-0.0026919153326945,0.0531991152216861,0.1579406056262287,0.003546178753129,0.0149419881043753
d14-s7,755,0.2008512902367651,8,4,0.1676027730524723,0.0575992828518607,0.0785496294834198,0.6704110922098891,11.639226376031711,0.2252020537853241,0.258264603891543,0.0604647114374944,0.1634985655546188,0.3648571670055389,0.2564356215824192,0.0575992828518607,0.0581886849719226,0.0102328030989157,0.0018289823091237,0.0629263988269735,0.2557671270831081,0.0037342841794806,0.0149584411680606
d14-s7,906,0.2410215482841181,8,4,0.1950117614861456,0.0322809175171597,0.0566573877029279,0.7800470459445827,24.1643393664362,0.2272926792502403,0.1398622992315462,0.0336936891913252,0.0784460306167602,0.2151459455490112,0.143269968005174,0.0322809175171597,0.0320027081187988,-0.0086183857138824,-0.0034076687736278,0.0408512781386355,0.1420235691651568,0.0054612999375695,0.0149206239493083
d14-s7,1057,0.2811918063314711,8,4,0.2429695950375605,0.0981207126826242,0.1284919120623193,0.971878380150242,9.904925816161006,0.3410903103649616,0.289182571960347,0.0324881252354929,0.2450477182865142,0.3554646372795105,0.2885140347174397,0.0981207126826242,0.0987315354012111,0.0062252168975027,0.0006685372429073,0.0396408760990786,0.2876678418054556,0.0087119378680995,0.0152738280698307
d14-s7,1208,0.3213620643788241,8,4,0.309670852929636,0.0959846764813388,0.1346935330975434,1.238683411718544,12.90501210325344,0.4056555330753326,0.2308455572596618,0.0320890582393214,0.1783973425626754,0.3113265037536621,0.2401642298172941,0.0959846764813388,0.0939272837308413,-0.0214345958742442,-0.0093186725576323,0.050144731282023,0.2366162162776673,0.0110409050464015,0.0149049928496273
d14-s7,1359,0.3615323224261771,8,4,0.4361980285615,0.1739126365579605,0.228437390128148,1.744792114246,10.032578131057813,0.6101106628775597,0.2844743052763598,0.0620212396432388,0.1765392869710922,0.3832214772701263,0.2879089760762921,0.1739126365579605,0.1738586360677598,-0.0003105035451677,-0.0034346707999322,0.072894839006934,0.2850509694399591,0.0099203894875129,0.0151674659043339
d14-s7,1510,0.4017025804735302,8,4,0.5061349605741319,0.1516383576984911,0.2149052277702576,2.0245398422965275,13.35110636269224,0.6577733233571053,0.2291865178516932,0.0419995951404398,0.1709414273500442,0.325894683599472,0.2337153293726772,0.1516383576984911,0.150575198247591,-0.0070111511825662,-0.0045288115209838,0.0523813541506925,0.2305328499743776,0.0124256297891782,0.0149939639259948
d14-s7,1661,0.4418728385208832,8,4,0.6002062039841677,0.161128458820587,0.236154234318608,2.4008248159366707,14.900066900099477,0.7613346576690674,0.2076612732240132,0.0499373615816946,0.0983522087335586,0.3334595561027527,0.2140034764251021,0.161128458820587,0.1577962591121207,-0.0206803921098547,-0.0063422032010889,0.0553086391178201,0.2116394625025876,0.0131565545576407,0.0148211204685946
d14-s7,1812,0.4820430965682362,8,4,0.7339592882943536,0.2298592640493706,0.3216041750861649,2.9358371531774146,12.772324688844543,0.9638185650110244,0.2361757159233093,0.0395851811112317,0.1523419916629791,0.3269694745540619,0.2421271544271999,0.2298592640493706,0.226134393283111,-0.0162050060573569,-0.0059514385038906,0.0448713936577245,0.238488109084869,0.012124194672688,0.0151414939246452
d14-s7,1963,0.5222133546155893,8,4,0.8124784318633961,0.1474217801971767,0.2489815841801013,3.2499137274535843,22.04500395468581,0.9599002078175544,0.155650467212711,0.0393182164155707,0.10293909907341,0.2377203553915023,0.1565259219057934,0.1474217801971767,0.1493800367986534,0.0132833601578918,-0.0008754546930823,0.0472426802679455,0.153580318396548,0.0135692854581541,0.0150042876917376
d14-s7,2114,0.5623836126629422,8,4,0.8265529029450391,0.208851518193704,0.3121706310618339,3.3062116117801565,15.830440881515337,1.035404421389103,0.208948140963912,0.0462656365064246,0.1023734286427497,0.3114802837371826,0.2034218903695135,0.208851518193704,0.2149298629503524,0.0291036656530832,0.0055262505943984,0.045864355740341,0.2017100892461016,0.013958070408039,0.0150941200603614
d14-s7,2265,0.6025538707102953,8,4,0.833227832779538,0.1828906028776971,0.2870440819751394,3.332911331118152,18.22352421981429,1.0161184445023537,0.1834877678858382,0.0518740188464267,0.0864636301994323,0.2666021287441253,0.1805979804287666,0.1828906028776971,0.1871771272668321,0.0234376415282609,0.0028897874570716,0.0558104122291658,0.1799894544373675,0.0138035833145589,0.0152599730989202
d14-s7,2416,0.6427241287576483,8,4,0.9114282394490436,0.0911839929783752,0.2051125229095056,3.645712957796174,39.98194023660243,1.0026122406125069,0.0943054525081866,0.0435397886557233,0.0023578652180731,0.1620213538408279,0.0916616749850228,0.0911839929783752,0.0939750220424473,0.0306087611751549,0.0026437775231638,0.0432916033372802,0.0909464197914383,0.0122802910141288,0.0148300131701227
d14-s7,2567,0.6828943868050014,8,4,0.9966189653128076,0.1154158742356103,0.2399932448997113,3.98647586125123,34.540100204181826,1.1120348274707794,0.1047375770950956,0.0499649509304535,0.022980211302638,0.194025233387947,0.1050865090210415,0.1154158742356103,0.1171119534921056,0.0146953724323299,-0.0003489319259459,0.0530223694072373,0.1037880020759774,0.0136130082969635,0.0151160143764086
d14-s7,2718,0.7230646448523543,8,4,0.9116019674520744,0.0576111422372283,0.1715613881687376,3.646407869808298,63.29344859703174,0.9692131131887436,0.0628002202512496,0.0474485213932674,-0.0189263764768838,0.1494762301445007,0.0597872880059625,0.0576111422372283,0.0614148790922051,0.0660243263241321,0.0030129322452871,0.048458269198168,0.0594411504149965,0.013255949171367,0.0152696582429521
d14-s7,2869,0.7632349028997074,8,4,0.8625011763977345,0.0527195191996671,0.1605321662493839,3.450004705590938,65.44074676638405,0.9152206853032112,0.0595891547189759,0.0379380905800752,-0.0176730304956436,0.1466194242238998,0.0581667705638032,0.0527195191996671,0.0540646338673931,0.0255145473279374,0.0014223841551726,0.0376872324930504,0.0576030671654064,0.0114990664443213,0.01518451119073
d14-s7,3020,0.8034051609470604,8,4,0.8702790047759683,0.0356673859577118,0.1444522615547079,3.481116019103873,97.5994154220096,0.9059463888406754,0.0407250988563256,0.0420851492857914,-0.0351865552365779,0.1310118287801742,0.0395410489910999,0.0356673859577118,0.0364548638585481,0.0220783743941864,0.0011840498652256,0.0417080017293979,0.0393703052658851,0.012415753999012,0.0148212132210327
d14-s7,3171,0.8435754189944135,8,4,0.878043855844451,0.0342369529524478,0.1439924349330041,3.512175423377804,102.58434587493564,0.9122808203101158,0.0393152299844327,0.0373434611622295,-0.0521155633032321,0.1041832938790321,0.0377565935263115,0.0342369529524478,0.0351297351787855,0.0260765678411188,0.0015586364581211,0.0366105634094156,0.0375289632559507,0.0124079058586935,0.0149670520473017
d14-s7,3322,0.8837456770417664,8,4,0.8405628583267425,0.0144977778080698,0.1195681350989126,3.36225143330697,231.91495123035068,0.8550606369972229,0.0175854805856943,0.0358038084860928,-0.0528367906808853,0.0832230225205421,0.0170386468431119,0.0144977778080698,0.0150814863421587,0.0402619312984692,0.0005468337425823,0.0358589812375902,0.0169552628145824,0.0114561093488427,0.0151053634893497
d14-s7,3473,0.9239159350891194,8,4,0.8207505177042772,0.0215309391450667,0.1241247538581014,3.283002070817109,152.47834981547115,0.8422814607620239,0.0262622430953862,0.0328596782694728,-0.0317310132086277,0.0945644229650497,0.0257478590551657,0.0215309391450667,0.0221837557951802,0.0303199338270903,0.0005143840402204,0.0330384236988641,0.0255626417630109,0.0111894156500685,0.0148373722374974
d14-s7,3624,0.9640861931364724,8,4,0.847226555498945,0.0139777915008233,0.1198811109381914,3.38890622199578,242.44933270010293,0.8612043410539627,0.0176336749323776,0.0272833196128478,-0.0312288329005241,0.07735276222229,0.0162789853832057,0.0139777915008233,0.0151430414054611,0.0833643787410321,0.0013546895491719,0.0272816689849527,0.0162305166590468,0.011088463158519,0.0152692887300727
d16-s7,0,0.0,8,4,0.2510633756479046,0.0992177799439446,0.1306007018999327,1.0042535025916186,10.121709064232183,0.3502811603248119,0.2919065686208861,0.0378893203215544,0.2213150709867477,0.3614906370639801,0.2863639343745507,0.0992177799439446,0.1017565583427142,0.0255879379704315,0.0055426342463354,0.0436253809488128,0.2832518345907083,0.015601368262368,0.0133530953258728
d16-s7,216,0.0401785714285714,8,4,0.2069344507733481,0.038900457698,0.0647672640446686,0.8277378030933927,21.278356401856627,0.2458349112421274,0.1594351567327976,0.0284710915555942,0.1093693599104881,0.2155526429414749,0.1587391755719016,0.038900457698,0.0390939811297435,0.0049748368835616,0.000695981160896,0.0281860472910405,0.1582381360722571,0.0027437223401069,0.0151338430746015
d16-s7,432,0.0803571428571428,8,4,0.1942674021125705,0.0310067462731729,0.0552901715372442,0.7770696084502821,25.06130767814885,0.2252741493284702,0.1306748955622814,0.0740944471859447,0.0009735095663927,0.2888210415840149,0.1410521865961032,0.0310067462731729,0.0306468956339118,-0.0116055595156868,-0.0103772910338217,0.0877255698682921,0.1376400554407121,0.0029472045259432,0.015034634034941
d16-s7,648,0.1205357142857142,8,4,0.1540360640143124,0.0584225426712709,0.0776770506730599,0.6161442560572498,10.546344405517234,0.2124586068093776,0.2725199226822172,0.0361560511311522,0.215565338730812,0.3534494042396545,0.277235565087579,0.0584225426712709,0.0581899492576994,-0.0039812271588424,-0.0047156424053619,0.0543936208276379,0.2749831771123784,0.0040854259341741,0.0152418076772308
d16-s7,864,0.1607142857142857,8,4,0.1530683154316169,0.0184574991898191,0.0375910386187712,0.6122732617264676,33.1720595206196,0.1715258136391639,0.1096547623830182,0.0222883448010672,0.0751318410038948,0.1475860029458999,0.1093643043615761,0.0184574991898191,0.0184935754369777,0.0019545576996983,0.000290458021442,0.0191192100688943,0.1076077045927781,0.0033539260101074,0.015681740869452
d16-s7,1080,0.2008928571428571,8,4,0.1883393230589121,0.0666423496743373,0.0901847650567013,0.7533572922356484,11.304482748839082,0.2549816742539406,0.2634633896606309,0.047964584054849,0.1749015599489212,0.3488607704639435,0.2678353383082849,0.0666423496743373,0.0674154246054507,0.0116003552529468,-0.004371948647654,0.0730150802996045,0.2613613322085922,0.0041856670938103,0.0150933880379022
d16-s7,1296,0.2410714285714285,8,4,0.2106622781527412,0.0538257559710861,0.0801585407401788,0.8426491126109649,15.65512824499139,0.2644880339503288,0.2035830239100115,0.0254874967285549,0.1475982367992401,0.2569892704486847,0.20570811419069,0.0538257559710861,0.0536900563412489,-0.0025210910165403,-0.0021250902806785,0.0325902211328762,0.2035092292526404,0.0097184353068778,0.0150406417582514
d16-s7,1512,0.28125,8,4,0.2379714665554771,0.0546569271809802,0.0844033605004148,0.9518858662219084,17.41564912842649,0.2926283963024616,0.1875383715544428,0.0375897695793799,0.1110648810863494,0.2474608868360519,0.1877088856099807,0.0546569271809802,0.0550697796245557,0.0075535245918325,-0.0001705140555379,0.0437509425280968,0.1867793021828378,0.0099538117124556,0.0151161078339615
d16-s7,1728,0.3214285714285714,8,4,0.2838786676321579,0.1365561942588257,0.1720410277128454,1.135514670528632,8.315365529127163,0.4204348661005497,0.3249754011631012,0.035765543590644,0.2500376105308532,0.3920190930366516,0.3281259477368123,0.1365561942588257,0.1369108234928349,0.0025969472562855,-0.0031505465737111,0.0579458592490941,0.3247975052416893,0.0076114762137771,0.0148671496482984
d16-s7,1944,0.3616071428571428,8,4,0.3409802918102418,0.084814975733412,0.1274375122096922,1.3639211672409672,16.08113609002265,0.4257952608168125,0.1952607472028051,0.032126694669198,0.12770976126194,0.2631884813308716,0.2008284206706503,0.084814975733412,0.0832783414206401,-0.0181174880908032,-0.0055676734678452,0.0403009810301198,0.1991919173331735,0.0108620865467892,0.0150388795104557
d16-s7,2160,0.4017857142857143,8,4,0.4571975494145072,0.0860815086838908,0.1432312023607043,1.828790197658029,21.24486693621652,0.543279055505991,0.152688576440726,0.0479707811272887,0.0694915950298309,0.2513458430767059,0.1606277703499314,0.0860815086838908,0.0827587049673265,-0.0386006677550962,-0.0079391939092054,0.0518314722718028,0.1584480524340401,0.0121298925941748,0.0150414904734379
d16-s7,2376,0.4419642857142857,8,4,0.4894151365462643,0.1297086586998749,0.1908855507681579,1.9576605461850571,15.092751446260582,0.6191237978637218,0.210668281252895,0.0391404155897749,0.1300740540027618,0.2806166410446167,0.2108751734511098,0.1297086586998749,0.1299660000892318,0.0019839954551713,-0.0002068921982147,0.0403799245061179,0.2095035915205098,0.0123003977876846,0.0151664835782292
d16-s7,2592,0.4821428571428571,8,4,0.650624217184883,0.1086670542314111,0.1899950813795214,2.602496868739532,23.949272271588445,0.7592912763357162,0.1478506677917071,0.0317364641598227,0.0984755754470825,0.2090970277786255,0.1448263386728981,0.1086670542314111,0.1116670102945677,0.0276068591752574,0.003024329118809,0.0338451423258945,0.1431164275452767,0.0112799202398199,0.0148207258059037
d16-s7,2808,0.5223214285714286,8,4,0.6919505446114665,0.1287187030180384,0.2152125210944717,2.767802178445866,21.50271960134644,0.8206692487001419,0.1527674291282892,0.0358897194928539,0.0843510851264,0.2304684966802597,0.1575736967508575,0.1287187030180384,0.1256552871626543,-0.0237993064221196,-0.0048062676225683,0.039373986267878,0.156846017308241,0.0130315857122841,0.0152119399889485
d16-s7,3024,0.5625,8,4,0.7739340574258843,0.0962330378496013,0.1929747950278368,3.095736229703537,32.16916247143456,0.8701670914888382,0.112189450434276,0.0445901800286173,0.0237514525651931,0.1857269257307052,0.1114855082211514,0.0962330378496013,0.0985647330797451,0.0242296749873766,0.0007039422131246,0.0488566421732283,0.1105914465992706,0.0123804363562577,0.0150613241233522
d16-s7,3240,0.6026785714285714,8,4,0.8192816196113526,0.1125052910265411,0.2149154934779602,3.2771264784454104,29.12864318241088,0.9317869171500206,0.1236192975193262,0.0407734208497893,0.0464730933308601,0.2169917672872543,0.1233650071145635,0.1125052910265411,0.1155703123235103,0.0272433524592734,0.0002542904047626,0.0466294270244675,0.1207414374918842,0.0133306704288135,0.0150821952438265
d16-s7,3456,0.6428571428571429,8,4,0.7955176346929217,0.0638485294545095,0.1632882337911247,3.1820705387716868,49.83780465983684,0.859366163611412,0.0710233281965234,0.0383690566575474,0.0077692288905382,0.1523881703615188,0.0747174838358247,0.0638485294545095,0.0616827274675154,-0.0339209376550664,-0.0036941556393012,0.0404950722762689,0.074297234541289,0.0125876698428003,0.0151487459151671
d16-s7,3672,0.6830357142857143,8,4,0.8455292267422466,0.0961329078266737,0.2018240611694546,3.3821169069689865,35.18167694528593,0.9416621327400208,0.0963192089859928,0.0393559615318415,0.0197508744895458,0.1748241782188415,0.1027860876657023,0.0961329078266737,0.0916156921382801,-0.0469892754782592,-0.0064668786797094,0.0429083379061644,0.1020885350462584,0.012274592666223,0.0150964482305762
d16-s7,3888,0.7232142857142857,8,4,0.7750931117013238,0.0345813999866493,0.1314680389493148,3.100372446805295,89.65433579907813,0.809674508869648,0.0423992412813407,0.0398989862605217,-0.0378757752478122,0.1076687574386596,0.0430662737001634,0.0345813999866493,0.0344887127334461,-0.0026802631830672,-0.0006670324188227,0.0404347174927694,0.0427102489796246,0.0129672615888171,0.0150714667835682
d16-s7,4104,0.7633928571428571,8,4,0.7903246234150113,0.0446649803157094,0.1434555582425858,3.161298493660045,70.77801157225998,0.8349895998835564,0.0497876617841289,0.0544996226488233,-0.0723355486989021,0.1636969745159149,0.0538825105605303,0.0446649803157094,0.0428625331395645,-0.040354818549218,-0.0040948487764014,0.0564758934502275,0.053491660394509,0.0127918120970273,0.0150703207501009
d16-s7,4320,0.8035714285714286,8,4,0.771761531831818,0.0365079168771943,0.1329781083561716,3.087046127327272,84.55826547736211,0.8082694560289383,0.0461040725515756,0.0445511131385667,-0.0454619489610195,0.1624341607093811,0.0460149085295954,0.0365079168771943,0.0386280929026794,0.0580744180123143,8.916402198013072e-05,0.0468391354179226,0.0451680029914599,0.012440738962421,0.0153500817884939
d16-s7,4536,0.84375,8,4,0.7613604808115956,0.0106518599293529,0.1058219200308023,3.0454419232463823,285.9070569313602,0.7720123380422592,0.015634387652556,0.0351226824752514,-0.0427250489592552,0.0929311215877533,0.0141194373507281,0.0106518599293529,0.0120863628102506,0.134671586972782,0.0015149503018278,0.0352254150192128,0.0137975254632972,0.0112797131714063,0.0154591311735119
d16-s7,4752,0.8839285714285714,8,4,0.6992649909432345,0.0088091678495043,0.0962172917174086,2.797059963772938,317.51693367158526,0.7080741673707962,0.0138640755529715,0.0368691554396193,-0.0548868179321289,0.1126070767641067,0.0124706659392602,0.0088091678495043,0.0093203474849828,0.0580281411606077,0.0013934096137112,0.0366325433362817,0.0124410243476812,0.0107305881470468,0.0153042524982157
d16-s7,4968,0.9241071428571428,8,4,0.6676837314446645,0.0096705794613361,0.0931310458919192,2.670734925778658,276.1711370509383,0.6773543134331703,0.014551698833072,0.0337113457439225,-0.0632621496915817,0.0768900886178016,0.0143288684338836,0.0096705794613361,0.009919184452971,0.0257073521425314,0.0002228303991884,0.0337563138038487,0.0142769881369784,0.0105745691670433,0.0152471746780551
d16-s7,5184,0.9642857142857144,8,4,0.7008183865773004,-0.0015012441429829,0.0861010541791795,2.803273546309202,,0.699317142367363,-0.0046611583259488,0.0277486108601322,-0.0626322403550148,0.0527469292283058,-0.0021585491074993,-0.0015012441429829,-0.0031987052389191,-1.1307028932437893,-0.0025026092184495,0.0277433780032357,,0.0104005028601809,0.0150803452869883
