metric,mclass,depth,n,median_rel,median_abs_rel
curvature/Hg_norm,quadratic,12,150,-0.00047643896136222624,0.004434037660109176
curvature/Hg_norm,quadratic,14,32,-0.0010904530099422245,0.006766592980914625
curvature/Hg_norm,quadratic,16,33,0.0008681380845629662,0.00627995721596254
curvature/arith_eps,floor,12,150,65535.0,65535.0
curvature/arith_eps,floor,14,32,65535.0,65535.0
curvature/arith_eps,floor,16,33,65535.0,65535.0
curvature/c_fd_gradient,error,12,150,-0.014882184050862739,0.04254254357161573
curvature/c_fd_gradient,error,14,32,-0.00016756921140948324,0.03366390048495934
curvature/c_fd_gradient,error,16,33,-0.0019154729865876012,0.028345208228800656
curvature/c_fd_random,error,12,150,-4.291275000000001,654.6481481481482
curvature/c_fd_random,error,14,32,62.62666666666665,620.1333333333333
curvature/c_fd_random,error,16,33,-0.4534999999999999,3136.9583333333335
curvature/c_fd_update,error,12,150,-52.76666666666666,1871.0
curvature/c_fd_update,error,14,32,24.13,1245.6666666666665
curvature/c_fd_update,error,16,33,-1.085,5714.0
curvature/curv_eps_gradient,floor,12,150,9.0,9.0
curvature/curv_eps_gradient,floor,14,32,12.665308771803414,12.665308771803414
curvature/curv_eps_gradient,floor,16,33,12.512001548070344,12.512001548070344
curvature/curv_eps_random,floor,12,150,0.0,0.935
curvature/curv_eps_random,floor,14,32,0.9999999999999998,1.4849999999999999
curvature/curv_eps_random,floor,16,33,0.0,0.97
curvature/curv_eps_update,floor,12,150,0.0,0.9
curvature/curv_eps_update,floor,14,32,0.9999999999999998,1.4849999999999999
curvature/curv_eps_update,floor,16,33,-0.7,0.97
curvature/curv_floor_gradient,floor,12,150,656.4638159974243,656.4638159974243
curvature/curv_floor_gradient,floor,14,32,376.6152381321193,376.6152381321193
curvature/curv_floor_gradient,floor,16,33,360.5075750476495,360.5075750476495
curvature/curv_floor_random,floor,12,150,65526.244789892065,65526.244789892065
curvature/curv_floor_random,floor,14,32,36390.20367276363,36390.20367276363
curvature/curv_floor_random,floor,16,33,65513.37764508788,65513.37764508788
curvature/curv_floor_update,floor,12,150,65534.24596565876,65534.24596565876
curvature/curv_floor_update,floor,14,32,36404.65253601864,36404.65253601864
curvature/curv_floor_update,floor,16,33,728191.1598573038,728191.1598573038
curvature/curv_snr_gradient,snr,12,150,-0.9985023905551036,0.9985023905551036
curvature/curv_snr_gradient,snr,14,32,-0.9971913009454967,0.9971913009454967
curvature/curv_snr_gradient,snr,16,33,-0.997295249858806,0.997295249858806
curvature/curv_snr_random,snr,12,150,-0.9463555125522443,0.9463555125522443
curvature/curv_snr_random,snr,14,32,-0.9412131264582125,0.9412131264582125
curvature/curv_snr_random,snr,16,33,-0.9438466798453715,0.9438466798453715
curvature/curv_snr_update,snr,12,150,-0.9426407858423318,0.9426407858423318
curvature/curv_snr_update,snr,14,32,-0.9548676042892172,0.9548676042892172
curvature/curv_snr_update,snr,16,33,-0.938096727944953,0.938096727944953
curvature/dhd,quadratic,12,150,-0.00011381372299818166,0.0021818296381929496
curvature/dhd,quadratic,14,32,9.197627978279685e-05,0.001965056924726486
curvature/dhd,quadratic,16,33,0.0004089166272467352,0.002368291466278871
curvature/e_lin_gradient,error,12,150,10829.53960192097,10829.53960192097
curvature/e_lin_gradient,error,14,32,9354.079835549855,9354.079835549855
curvature/e_lin_gradient,error,16,33,9234.448326118412,9234.448326118412
curvature/e_lin_random,error,12,150,14852.037273095602,14852.037273095602
curvature/e_lin_random,error,14,32,12344.38578516275,12344.38578516275
curvature/e_lin_random,error,16,33,11473.67004573689,11473.67004573689
curvature/e_lin_update,error,12,150,14875.840430145588,14875.840430145588
curvature/e_lin_update,error,14,32,11226.888869244165,11226.888869244165
curvature/e_lin_update,error,16,33,11611.852098021345,11611.852098021345
curvature/e_sym_gradient,error,12,150,6282.064846542256,6282.064846542256
curvature/e_sym_gradient,error,14,32,5428.234831737065,5428.234831737065
curvature/e_sym_gradient,error,16,33,21465.419894810595,21465.419894810595
curvature/e_sym_random,error,12,150,13655.520812891795,13655.520812891795
curvature/e_sym_random,error,14,32,5324.505501404813,5324.505501404813
curvature/e_sym_random,error,16,33,15566.023942714957,15566.023942714957
curvature/e_sym_update,error,12,150,16432.0227041514,16432.0227041514
curvature/e_sym_update,error,14,32,11598.645496274783,11598.645496274783
curvature/e_sym_update,error,16,33,7831.919989393285,7831.919989393285
curvature/eta_star,quadratic,12,129,0.00042419898990843705,0.005853213640714965
curvature/eta_star,quadratic,14,28,0.0011379508739432257,0.0066438326184145345
curvature/eta_star,quadratic,16,29,-0.0008649859211583217,0.006826610722454955
curvature/eta_star_rho,quadratic,12,150,0.0004122384728373768,0.002287851094690369
curvature/eta_star_rho,quadratic,14,32,-0.0003187486662848749,0.001322283015015152
curvature/eta_star_rho,quadratic,16,33,0.0002111817313326709,0.002296415802558052
curvature/eta_star_rho_threshold,floor,12,150,65535.0,65535.0
curvature/eta_star_rho_threshold,floor,14,32,65535.0,65535.0
curvature/eta_star_rho_threshold,floor,16,33,65535.0,65535.0
curvature/fd_conclusive_gradient,flag,12,150,-1.0,1.0
curvature/fd_conclusive_gradient,flag,14,32,-1.0,1.0
curvature/fd_conclusive_gradient,flag,16,33,-1.0,1.0
curvature/fd_conclusive_random,flag,12,150,-1.0,1.0
curvature/fd_conclusive_random,flag,14,32,-1.0,1.0
curvature/fd_conclusive_random,flag,16,33,-1.0,1.0
curvature/fd_conclusive_update,flag,12,150,-1.0,1.0
curvature/fd_conclusive_update,flag,14,32,,
curvature/fd_conclusive_update,flag,16,33,,
curvature/fd_eps_gradient,floor,12,150,28.999999999999996,28.999999999999996
curvature/fd_eps_gradient,floor,14,32,28.999999999999996,28.999999999999996
curvature/fd_eps_gradient,floor,16,33,28.999999999999996,28.999999999999996
curvature/fd_eps_random,floor,12,150,0.0,0.0
curvature/fd_eps_random,floor,14,32,-0.6666666666666666,0.6666666666666666
curvature/fd_eps_random,floor,16,33,-0.6666666666666666,0.6666666666666666
curvature/fd_eps_update,floor,12,150,0.0,0.0
curvature/fd_eps_update,floor,14,32,-0.6666666666666666,0.6666666666666666
curvature/fd_eps_update,floor,16,33,-0.6666666666666666,0.6666666666666666
curvature/fd_floor_gradient,floor,12,150,2193.9084831485493,2193.9084831485493
curvature/fd_floor_gradient,floor,14,32,2227.9712321175593,2227.9712321175593
curvature/fd_floor_gradient,floor,16,33,2216.902677829324,2216.902677829324
curvature/fd_floor_random,floor,12,150,65809.01468880926,65809.01468880926
curvature/fd_floor_random,floor,14,32,195874.97823409433,195874.97823409433
curvature/fd_floor_random,floor,16,33,196325.03463784745,196325.03463784745
curvature/fd_floor_update,floor,12,150,65644.67785768755,65644.67785768755
curvature/fd_floor_update,floor,14,32,196515.13502165835,196515.13502165835
curvature/fd_floor_update,floor,16,33,196508.1739309862,196508.1739309862
curvature/fd_snr_gradient,snr,12,150,-0.9995429832274421,0.9995429832274421
curvature/fd_snr_gradient,snr,14,32,-0.9995532921577727,0.9995532921577727
curvature/fd_snr_gradient,snr,16,33,-0.9995491903331075,0.9995491903331075
curvature/fd_snr_random,snr,12,150,-0.9988008967552771,0.9988008967552771
curvature/fd_snr_random,snr,14,32,-0.9989287457406506,0.9989287457406506
curvature/fd_snr_random,snr,16,33,-0.9987488830977086,0.9987488830977086
curvature/fd_snr_update,snr,12,150,-0.9943201768163001,0.9943201768163001
curvature/fd_snr_update,snr,14,32,-0.9934616299530873,0.9934616299530873
curvature/fd_snr_update,snr,16,33,-0.9915499482835403,0.9915499482835403
curvature/gHg,quadratic,12,150,0.0011689818552562503,0.009327323702639
curvature/gHg,quadratic,14,32,-0.000573109456251616,0.008227436884509136
curvature/gHg,quadratic,16,33,0.0012933171894472105,0.00946852084475874
curvature/gg,quadratic,12,150,-7.551613157967503e-05,0.0015963677885821692
curvature/gg,quadratic,14,32,-0.00013141896671154988,0.002073475233694534
curvature/gg,quadratic,16,33,-0.00032266188120091765,0.0030302984842019705
curvature/verdict_code_gradient,flag,12,150,1.0,1.0
curvature/verdict_code_gradient,flag,14,32,1.0,1.0
curvature/verdict_code_gradient,flag,16,33,0.5,0.5
curvature/verdict_code_random,flag,12,150,1.0,1.0
curvature/verdict_code_random,flag,14,32,1.0,1.0
curvature/verdict_code_random,flag,16,33,1.0,1.0
curvature/verdict_code_update,flag,12,150,1.0,1.0
curvature/verdict_code_update,flag,14,32,1.0,1.0
curvature/verdict_code_update,flag,16,33,1.0,1.0
curvature/vhv_gradient,quadratic,12,150,0.0002566496402265331,0.0067188824685241845
curvature/vhv_gradient,quadratic,14,32,0.00013990589393181015,0.006763621826581733
curvature/vhv_gradient,quadratic,16,33,0.0005557356028298981,0.007527410632094116
curvature/vhv_random,quadratic,12,150,-0.0013197402030671293,0.003952754791367057
curvature/vhv_random,quadratic,14,32,-0.0009092659674175078,0.006466532129512809
curvature/vhv_random,quadratic,16,33,-0.00043057474363622955,0.004841934062839438
curvature/vhv_update,quadratic,12,150,-0.00024394966358904575,0.0020787374892635643
curvature/vhv_update,quadratic,14,32,6.69384194269112e-05,0.0022130991095741094
curvature/vhv_update,quadratic,16,33,0.00013652448434772283,0.0022894328416980816
update/actual,update,12,150,0.0025134758314513386,0.0287426369805088
update/actual,update,14,32,0.005437102587327634,0.03278964773464414
update/actual,update,16,33,0.0048827904243054455,0.018618656583476518
update/direction_norm,update,12,150,0.0,0.0
update/direction_norm,update,14,32,0.0,0.0
update/direction_norm,update,16,33,0.0,0.0
update/loss_after,update,12,150,5.715068830453618e-05,0.0002617592180019063
update/loss_after,update,14,32,3.0340700952481748e-05,0.0002901919241714135
update/loss_after,update,16,33,7.915501419176095e-05,0.00031163909523395565
update/loss_before,update,12,150,3.79620455225608e-05,0.00025322333343225664
update/loss_before,update,14,32,-1.6574819401399143e-06,0.00023129695428193448
update/loss_before,update,16,33,1.5189135526088024e-05,0.0002020613783639311
update/normalized_residual,update,12,150,0.01491058654783525,0.8188901824563424
update/normalized_residual,update,14,32,0.05254341111801919,0.7354516184821289
update/normalized_residual,update,16,33,0.03461136188490373,0.7790267301895977
update/p1,update,12,150,-7.702379549940037e-05,0.0030229290984807866
update/p1,update,14,32,0.0007013426926992883,0.0051438754474326335
update/p1,update,16,33,0.0002522606113596858,0.004362076305095806
update/p2,update,12,150,-0.0006261694430584418,0.004436130202204937
update/p2,update,14,32,0.0003471610435307151,0.00796390033306418
update/p2,update,16,33,0.000725466448236939,0.0045669575637274
update/residual_p1,update,12,150,0.0014847186317060094,0.02550268033405366
update/residual_p1,update,14,32,0.006894244180168372,0.037324996103698174
update/residual_p1,update,16,33,0.004488362043231761,0.023123553122266008
update/residual_p2,update,12,150,0.02381674396742526,0.8403443918666782
update/residual_p2,update,14,32,0.07107857762119721,0.8677431497462997
update/residual_p2,update,16,33,0.042025957565845276,0.7784417547151612
