metric,run,depth,seed,n,spearman_abs_relative_vs_progress,early_median_abs_relative,late_median_abs_relative
curvature/Hg_norm,d12-s10,12,10,30,0.19288097886540603,0.0041065822827586231,0.0050081666060761776
curvature/Hg_norm,d12-s11,12,11,30,0.1546162402669633,0.0023697549207034405,0.0063767930444512512
curvature/Hg_norm,d12-s7,12,7,30,0.15639599555061176,0.0023635532836610122,0.0044429411012323651
curvature/Hg_norm,d12-s8,12,8,30,0.0020022246941045607,0.0039374877597620518,0.0020170663181109639
curvature/Hg_norm,d12-s9,12,9,30,0.054505005561735265,0.0035121304666202221,0.0031300441425026072
curvature/Hg_norm,d14-s7,14,7,32,0.13746334310850436,0.0045992433302870775,0.0057419135991411598
curvature/Hg_norm,d16-s7,16,7,33,0.1360294117647059,0.0029836837490420727,0.0079951778214528545
curvature/arith_eps,d12-s10,12,10,30,,65535,65535
curvature/arith_eps,d12-s11,12,11,30,,65535,65535
curvature/arith_eps,d12-s7,12,7,30,,65535,65535
curvature/arith_eps,d12-s8,12,8,30,,65535,65535
curvature/arith_eps,d12-s9,12,9,30,,65535,65535
curvature/arith_eps,d14-s7,14,7,32,,65535,65535
curvature/arith_eps,d16-s7,16,7,33,,65535,65535
curvature/c_fd_gradient,d12-s10,12,10,30,-0.54660734149054502,0.11460389361751383,0.042605014889201792
curvature/c_fd_gradient,d12-s11,12,11,30,-0.7290322580645161,0.11839765059227905,0.0067612147647803256
curvature/c_fd_gradient,d12-s7,12,7,30,-0.74371523915461613,0.10627455344841992,0.024011060335161295
curvature/c_fd_gradient,d12-s8,12,8,30,-0.6106785317018909,0.10821774351373216,0.015492439594214685
curvature/c_fd_gradient,d12-s9,12,9,30,-0.53859844271412682,0.084617824426479277,0.048605822204368626
curvature/c_fd_gradient,d14-s7,14,7,32,-0.89919354838709675,0.13653697904543791,0.0052007138466503861
curvature/c_fd_gradient,d16-s7,16,7,33,-0.6781417112299466,0.080140190497069441,0.010489870085118772
curvature/c_fd_random,d12-s10,12,10,29,0.30344827586206891,149.00000000000003,3058.4166666666665
curvature/c_fd_random,d12-s11,12,11,29,0.31428571428571422,385.5,96648.222222222234
curvature/c_fd_random,d12-s7,12,7,28,0.59168035030103994,37.394999999999996,4267.7962962962965
curvature/c_fd_random,d12-s8,12,8,30,0.29744160177975526,227.74499999999998,2481.2199999999998
curvature/c_fd_random,d12-s9,12,9,30,0.35483870967741932,607,526.65750000000003
curvature/c_fd_random,d14-s7,14,7,31,0.29516129032258065,396.76499999999999,24953.875
curvature/c_fd_random,d16-s7,16,7,32,0.50219941348973607,38.999999999999993,2276.7645833333331
curvature/c_fd_update,d12-s10,12,10,29,0.3344827586206896,1194.9999999999998,19686.759259259263
curvature/c_fd_update,d12-s11,12,11,30,0.62091212458286982,75.100555555555559,73505.000000000015
curvature/c_fd_update,d12-s7,12,7,28,0.50574712643678166,81.124999999999986,51017.666666666672
curvature/c_fd_update,d12-s8,12,8,29,0.31674876847290634,2380.125,18970.500000000004
curvature/c_fd_update,d12-s9,12,9,29,0.54532019704433488,289.99999999999994,5827.833333333333
curvature/c_fd_update,d14-s7,14,7,32,0.18475073313782991,1535.905,2531.9583333333335
curvature/c_fd_update,d16-s7,16,7,33,0.44017379679144386,745.22222222222217,851217.66666666674
curvature/curv_eps_gradient,d12-s10,12,10,30,0.96530734345179026,5.198440256650759,23.669426816409509
curvature/curv_eps_gradient,d12-s11,12,11,30,0.79652264055190558,4.0802080342022835,25.672724316396049
curvature/curv_eps_gradient,d12-s7,12,7,30,0.93962667312988202,4.7735026918962582,23.669426816409509
curvature/curv_eps_gradient,d12-s8,12,8,30,0.94889838529189929,4.7735026918962582,20.222630647550385
curvature/curv_eps_gradient,d12-s9,12,9,30,0.97049249557224182,3.7097961023826631,23.669426816409509
curvature/curv_eps_gradient,d14-s7,14,7,32,0.95239051167710254,4.7735026918962582,32.333333333333336
curvature/curv_eps_gradient,d16-s7,16,7,33,0.94923826891090779,5.6233778214052599,32.333333333333336
curvature/curv_eps_random,d12-s10,12,10,30,0.090485311558098039,0.83499999999999996,1.4849999999999999
curvature/curv_eps_random,d12-s11,12,11,30,-0.027467061013130387,0.90000000000000002,0.80000000000000004
curvature/curv_eps_random,d12-s7,12,7,30,-0.01711315046925118,5.5,1.4849999999999999
curvature/curv_eps_random,d12-s8,12,8,30,0.046813091356016134,1.6516666666666668,4.9500000000000002
curvature/curv_eps_random,d12-s9,12,9,30,0.15612767355028045,0.80000000000000004,2.1666666666666665
curvature/curv_eps_random,d14-s7,14,7,32,0.057921959643465651,0.90000000000000002,0.93500000000000005
curvature/curv_eps_random,d16-s7,16,7,33,-0.43942769640897211,2.3333333333333335,1.3499999999999999
curvature/curv_eps_update,d12-s10,12,10,30,-0.15278748011097373,0.93500000000000005,0.80000000000000004
curvature/curv_eps_update,d12-s11,12,11,30,-0.35024436078501814,2.1666666666666665,0.45000000000000001
curvature/curv_eps_update,d12-s7,12,7,30,-0.27033136717400696,2.3333333333333335,0.80000000000000004
curvature/curv_eps_update,d12-s8,12,8,30,-0.074407442584931274,0.90000000000000002,0.93500000000000005
curvature/curv_eps_update,d12-s9,12,9,30,-0.17634054839257429,1.9999999999999996,0.48499999999999999
curvature/curv_eps_update,d14-s7,14,7,32,0.0098025109056400425,0.90000000000000002,0.80000000000000004
curvature/curv_eps_update,d16-s7,16,7,33,-0.038647984975617583,0.96999999999999997,0.93500000000000005
curvature/curv_floor_gradient,d12-s10,12,10,30,-0.95061179087875403,1731.519968669938,108.71835202930308
curvature/curv_floor_gradient,d12-s11,12,11,30,-0.78464961067853167,2686.4841754524996,94.830843604368411
curvature/curv_floor_gradient,d12-s7,12,7,30,-0.92035595105672963,1967.632596945148,108.91528232367446
curvature/curv_floor_gradient,d12-s8,12,8,30,-0.935928809788654,1967.2859286657404,146.7081372941017
curvature/curv_floor_gradient,d12-s9,12,9,30,-0.95995550611790881,2997.5496039803957,108.66750400720454
curvature/curv_floor_gradient,d14-s7,14,7,32,-0.91862170087976536,1966.9544190263559,60.839865034701404
curvature/curv_floor_gradient,d16-s7,16,7,33,-0.92312834224598939,1495.1332395783352,60.299287684310443
curvature/curv_floor_random,d12-s10,12,10,30,-0.049610678531701889,65535.248216110507,36408.641144962392
curvature/curv_floor_random,d12-s11,12,11,30,0.029588431590656286,65533.89441812814,396874.3090733022
curvature/curv_floor_random,d12-s7,12,7,30,0.13948832035595105,3966.6749237541922,36390.902632761718
curvature/curv_floor_random,d12-s8,12,8,30,-0.06918798665183537,35712.722635333863,33128.793243931694
curvature/curv_floor_random,d12-s9,12,9,30,0.0091212458286985543,65531.286692749527,6592.4644757789229
curvature/curv_floor_random,d14-s7,14,7,32,-0.034090909090909088,65519.345640071282,327753.42375981942
curvature/curv_floor_random,d16-s7,16,7,33,0.48295454545454553,5897.6984241811106,36420.783342188901
curvature/curv_floor_update,d12-s10,12,10,30,0.25294771968854285,65532.438300949289,396674.63926023908
curvature/curv_floor_update,d12-s11,12,11,30,0.52569521690767507,6589.3156685638005,3308091.5503411777
curvature/curv_floor_update,d12-s7,12,7,30,0.34727474972191319,5897.3371948951435,727967.08956873766
curvature/curv_floor_update,d12-s8,12,8,30,0.093214682981090105,65553.895204183267,65573.303896293597
curvature/curv_floor_update,d12-s9,12,9,30,0.19110122358175749,7280.7157649784049,65506.079090013169
curvature/curv_floor_update,d14-s7,14,7,32,-0.071114369501466268,65535.430953535528,65566.696772162803
curvature/curv_floor_update,d16-s7,16,7,33,0.34324866310160435,65538.259177645537,6556595.1574398763
curvature/curv_snr_gradient,d12-s10,12,10,30,-0.91190211345939931,0.99940108451003162,0.99118482996131885
curvature/curv_snr_gradient,d12-s11,12,11,30,-0.92925472747497218,0.99960330229630623,0.98941573389744097
curvature/curv_snr_gradient,d12-s7,12,7,30,-0.91234705228031154,0.9994230052951063,0.99100020103160857
curvature/curv_snr_gradient,d12-s8,12,8,30,-0.94438264738598454,0.99954572710921696,0.9933298361544538
curvature/curv_snr_gradient,d12-s9,12,9,30,-0.95016685205784202,0.99967251724673434,0.99132337134579163
curvature/curv_snr_gradient,d14-s7,14,7,32,-0.94978005865102622,0.99951758662766921,0.98389779888481732
curvature/curv_snr_gradient,d16-s7,16,7,33,-0.94451871657754016,0.99937494570149044,0.98362452514761411
curvature/curv_snr_random,d12-s10,12,10,29,-0.65123152709359589,0.97575901269644882,0.8836097737360411
curvature/curv_snr_random,d12-s11,12,11,29,-0.69753694581280778,0.99320928820358556,0.91361039454077064
curvature/curv_snr_random,d12-s7,12,7,28,-0.6885604816639298,0.97209890405556165,0.90386445281918659
curvature/curv_snr_random,d12-s8,12,8,30,-0.83403781979977754,0.98734956184565292,0.9183437441516229
curvature/curv_snr_random,d12-s9,12,9,30,-0.7330367074527252,0.99005616963243126,0.9344418815001434
curvature/curv_snr_random,d14-s7,14,7,31,-0.67419354838709689,0.97808527111097932,0.91607014570694667
curvature/curv_snr_random,d16-s7,16,7,32,-0.49560117302052775,0.95899986895829437,0.91791809182952044
curvature/curv_snr_update,d12-s10,12,10,29,-0.66748768472906383,0.98175284830538334,0.92293522202834888
curvature/curv_snr_update,d12-s11,12,11,30,-0.5684093437152391,0.98743584007285834,0.9375865460906545
curvature/curv_snr_update,d12-s7,12,7,28,-0.61357416529830322,0.97779368434552594,0.91913909092728696
curvature/curv_snr_update,d12-s8,12,8,29,-0.78472906403940867,0.98329896640613756,0.92162169053619858
curvature/curv_snr_update,d12-s9,12,9,29,-0.73645320197044317,0.99277989127966182,0.90742273281731056
curvature/curv_snr_update,d14-s7,14,7,32,-0.6187683284457477,0.97891888859779852,0.94015119982139694
curvature/curv_snr_update,d16-s7,16,7,33,-0.6514037433155081,0.98331258712750746,0.89602964725847567
curvature/dhd,d12-s10,12,10,30,-0.18264738598442715,0.0024774345785502309,0.0024762563961452208
curvature/dhd,d12-s11,12,11,30,-0.28587319243604004,0.0021387354278091975,0.0014012872241608648
curvature/dhd,d12-s7,12,7,30,-0.33882091212458282,0.0024040940564829492,0.0014832158051186629
curvature/dhd,d12-s8,12,8,30,-0.27875417130144603,0.0035589248051347703,0.0019085679540295462
curvature/dhd,d12-s9,12,9,30,-0.14349276974416017,0.0029824607096663259,0.0029240681275244165
curvature/dhd,d14-s7,14,7,32,-0.21260997067448681,0.0020287892651776511,0.0020397179595093365
curvature/dhd,d16-s7,16,7,33,-0.33556149732620322,0.0025421235602235957,0.0025684416693776304
curvature/e_lin_gradient,d12-s10,12,10,30,0.41179087875417131,8880.3221837048968,11406.635577656303
curvature/e_lin_gradient,d12-s11,12,11,30,0.36195773081201332,9370.8141237399559,10636.783879508224
curvature/e_lin_gradient,d12-s7,12,7,30,0.31212458286985539,9017.2473240767868,10469.344343737459
curvature/e_lin_gradient,d12-s8,12,8,30,0.36418242491657399,9503.4573488987626,11135.174635750369
curvature/e_lin_gradient,d12-s9,12,9,30,0.38998887652947722,8996.0812843014191,11243.596718778432
curvature/e_lin_gradient,d14-s7,14,7,32,0.33870967741935482,8100.4610510228267,9493.4460966748175
curvature/e_lin_gradient,d16-s7,16,7,33,0.21189839572192515,9642.3124243799757,9198.5879690914626
curvature/e_lin_random,d12-s10,12,10,30,-0.79621802002224684,15646.843722205615,13336.043809159419
curvature/e_lin_random,d12-s11,12,11,30,-0.74994438264738594,15717.399860555281,13875.370157706682
curvature/e_lin_random,d12-s7,12,7,30,-0.80823136818687424,16101.238947655387,13259.743500722212
curvature/e_lin_random,d12-s8,12,8,30,-0.75350389321468292,15976.211853547495,13853.603203632974
curvature/e_lin_random,d12-s9,12,9,30,-0.76151279199110111,16008.362423170491,14249.497163315569
curvature/e_lin_random,d14-s7,14,7,32,-0.84677419354838701,14957.476665378197,10357.05584796543
curvature/e_lin_random,d16-s7,16,7,33,-0.88335561497326198,14872.789471911507,9433.1263996153903
curvature/e_lin_update,d12-s10,12,10,30,-0.89677419354838706,17994.1871295116,13593.410208950989
curvature/e_lin_update,d12-s11,12,11,30,-0.89098998887652936,18109.163758752191,13088.340353915008
curvature/e_lin_update,d12-s7,12,7,30,-0.88520578420467178,17523.383425235726,12993.117945105314
curvature/e_lin_update,d12-s8,12,8,30,-0.8353726362625139,17443.779493254751,14757.217761465125
curvature/e_lin_update,d12-s9,12,9,30,-0.85494994438264749,18630.852182323033,14255.477682690231
curvature/e_lin_update,d14-s7,14,7,32,-0.83247800586510257,17268.723517952287,10156.916958057911
curvature/e_lin_update,d16-s7,16,7,33,-0.90474598930481287,17743.192868047408,10027.33978862677
curvature/e_sym_gradient,d12-s10,12,10,30,-0.067853170189098991,7001.0151039362918,2623.8743548858056
curvature/e_sym_gradient,d12-s11,12,11,30,0.21423804226918797,6682.092700812751,6844.0277758611228
curvature/e_sym_gradient,d12-s7,12,7,30,0.14660734149054505,10939.96722776738,6517.3328531557072
curvature/e_sym_gradient,d12-s8,12,8,30,-0.058954393770856504,13757.521976886794,9804.261911169071
curvature/e_sym_gradient,d12-s9,12,9,30,0.028253615127919914,3268.3530055698002,3693.9366884041538
curvature/e_sym_gradient,d14-s7,14,7,32,-0.26979472140762462,7514.2428746690557,1564.8301765042734
curvature/e_sym_gradient,d16-s7,16,7,33,0.2075534759358289,22195.202915834347,93697.673974913137
curvature/e_sym_random,d12-s10,12,10,30,0.097664071190211338,11211.348510762029,13815.68997408498
curvature/e_sym_random,d12-s11,12,11,30,-0.21201334816462733,18163.300443212676,5049.710204151691
curvature/e_sym_random,d12-s7,12,7,30,0.022024471635150169,19402.476505631603,9838.5925172404732
curvature/e_sym_random,d12-s8,12,8,30,-0.22313681868743046,17733.57395343779,10504.734319715597
curvature/e_sym_random,d12-s9,12,9,30,0.21690767519466073,11608.570570325159,17525.44491253687
curvature/e_sym_random,d14-s7,14,7,32,-0.68658357771260992,8390.9493910286164,1751.6790070544159
curvature/e_sym_random,d16-s7,16,7,33,-0.18783422459893048,14335.685309138171,6477.9379235918459
curvature/e_sym_update,d12-s10,12,10,30,-0.6204671857619577,50761.232197882811,4341.2156502102298
curvature/e_sym_update,d12-s11,12,11,30,-0.72814238042269186,48165.141427279086,7297.02171195749
curvature/e_sym_update,d12-s7,12,7,30,-0.48565072302558404,21720.950583765771,11164.848348606085
curvature/e_sym_update,d12-s8,12,8,30,-0.54927697441601786,67306.193707563099,5191.9973999308868
curvature/e_sym_update,d12-s9,12,9,30,-0.42513904338153508,79301.168159502035,9808.7756837618399
curvature/e_sym_update,d14-s7,14,7,32,-0.64626099706744855,79369.788891700737,4626.1648938017279
curvature/e_sym_update,d16-s7,16,7,33,-0.34959893048128343,21466.673668737702,7222.2737035102291
curvature/eta_star,d12-s10,12,10,26,0.029059829059829054,0.0075989815953744523,0.0069840631718602313
curvature/eta_star,d12-s11,12,11,26,0.072820512820512814,0.0029229272474559963,0.0070933531048942532
curvature/eta_star,d12-s7,12,7,26,0.0071794871794871786,0.0077179886801458748,0.0029211700621137125
curvature/eta_star,d12-s8,12,8,26,-0.20752136752136749,0.012802697167522794,0.0020415172606466359
curvature/eta_star,d12-s9,12,9,25,-0.14692307692307693,0.0047980001663974507,0.0024170794316519489
curvature/eta_star,d14-s7,14,7,28,0.037219485495347558,0.0031732995245992942,0.0058387000821725644
curvature/eta_star,d16-s7,16,7,29,-0.019704433497536939,0.0055480022502063017,0.0072085395946507556
curvature/eta_star_rho,d12-s10,12,10,30,-0.25739710789766407,0.0043985749908361203,0.0019192121072746763
curvature/eta_star_rho,d12-s11,12,11,30,-0.23337041156840932,0.0028176408927926763,0.0018713090709018916
curvature/eta_star_rho,d12-s7,12,7,30,-0.1982202447163515,0.0037745498568564229,0.001307510876095251
curvature/eta_star_rho,d12-s8,12,8,30,-0.39399332591768632,0.0044826556295462323,0.00085538335552514115
curvature/eta_star_rho,d12-s9,12,9,30,-0.48965517241379319,0.0081817803007129836,0.0010769559307363661
curvature/eta_star_rho,d14-s7,14,7,32,-0.020161290322580645,0.001004856173313516,0.0017117033602036603
curvature/eta_star_rho,d16-s7,16,7,33,-0.28977272727272729,0.0029440107936087407,0.0018615030667532605
curvature/eta_star_rho_threshold,d12-s10,12,10,30,,65535,65535
curvature/eta_star_rho_threshold,d12-s11,12,11,30,,65535,65535
curvature/eta_star_rho_threshold,d12-s7,12,7,30,,65535,65535
curvature/eta_star_rho_threshold,d12-s8,12,8,30,,65535,65535
curvature/eta_star_rho_threshold,d12-s9,12,9,30,,65535,65535
curvature/eta_star_rho_threshold,d14-s7,14,7,32,,65535,65535
curvature/eta_star_rho_threshold,d16-s7,16,7,33,,65535,65535
curvature/fd_conclusive_gradient,d12-s10,12,10,30,,1,1
curvature/fd_conclusive_gradient,d12-s11,12,11,30,,1,1
curvature/fd_conclusive_gradient,d12-s7,12,7,30,,1,1
curvature/fd_conclusive_gradient,d12-s8,12,8,30,,1,1
curvature/fd_conclusive_gradient,d12-s9,12,9,30,,1,1
curvature/fd_conclusive_gradient,d14-s7,14,7,32,,1,1
curvature/fd_conclusive_gradient,d16-s7,16,7,33,,1,1
curvature/fd_conclusive_random,d12-s10,12,10,8,,1,1
curvature/fd_conclusive_random,d12-s11,12,11,5,,1,1
curvature/fd_conclusive_random,d12-s7,12,7,15,,1,1
curvature/fd_conclusive_random,d12-s8,12,8,4,,1,
curvature/fd_conclusive_random,d12-s9,12,9,6,,1,1
curvature/fd_conclusive_random,d14-s7,14,7,1,,1,
curvature/fd_conclusive_random,d16-s7,16,7,1,,1,
curvature/fd_conclusive_update,d12-s11,12,11,1,,1,
curvature/fd_conclusive_update,d12-s9,12,9,1,,1,
curvature/fd_eps_gradient,d12-s10,12,10,30,0.86973685866525774,9,99
curvature/fd_eps_gradient,d12-s11,12,11,30,0.79959453089920418,9,28.999999999999996
curvature/fd_eps_gradient,d12-s7,12,7,30,0.71099943115141773,9,64
curvature/fd_eps_gradient,d12-s8,12,8,30,0.86137906540137188,9,99
curvature/fd_eps_gradient,d12-s9,12,9,30,0.76222579338271867,5.5,99
curvature/fd_eps_gradient,d14-s7,14,7,32,0.81355968554259761,9,28.999999999999996
curvature/fd_eps_gradient,d16-s7,16,7,33,0.71136738447056969,9,28.999999999999996
curvature/fd_eps_random,d12-s10,12,10,30,0.53411172902307369,0,0.78333333333333333
curvature/fd_eps_random,d12-s11,12,11,30,0.48153264321807387,0,0.78333333333333333
curvature/fd_eps_random,d12-s7,12,7,30,0.37006873321757117,0,0.33333333333333331
curvature/fd_eps_random,d12-s8,12,8,30,0.42284845995713222,0,0
curvature/fd_eps_random,d12-s9,12,9,30,0.47425835853804232,0,0.66666666666666663
curvature/fd_eps_random,d14-s7,14,7,32,0.4200629475271731,0,0.66666666666666663
curvature/fd_eps_random,d16-s7,16,7,33,0.64106757032448602,0,0.93333333333333335
curvature/fd_eps_update,d12-s10,12,10,30,0.320983937930783,0,0.78333333333333333
curvature/fd_eps_update,d12-s11,12,11,30,0.19865756919151867,0,0
curvature/fd_eps_update,d12-s7,12,7,30,0.40688973939518847,0,0.78333333333333333
curvature/fd_eps_update,d12-s8,12,8,30,0.42650270244962241,0,0.33333333333333331
curvature/fd_eps_update,d12-s9,12,9,30,0.53143175324525493,0,0.78333333333333333
curvature/fd_eps_update,d14-s7,14,7,32,0.35652717972288522,0,0.66666666666666663
curvature/fd_eps_update,d16-s7,16,7,33,0.51032355751864189,0.33333333333333331,0.78333333333333333
curvature/fd_floor_gradient,d12-s10,12,10,30,-0.71434927697441597,6562.3625761402945,659.54106291550033
curvature/fd_floor_gradient,d12-s11,12,11,30,-0.57241379310344831,6555.8747591502151,2207.1080504610441
curvature/fd_floor_gradient,d12-s7,12,7,30,-0.51813125695216911,6562.9551899797007,1434.1399050801094
curvature/fd_floor_gradient,d12-s8,12,8,30,-0.75839822024471626,6557.8432387740004,658.40484351405075
curvature/fd_floor_gradient,d12-s9,12,9,30,-0.59510567296996664,14223.185077063201,661.15889413310333
curvature/fd_floor_gradient,d14-s7,14,7,32,-0.35960410557184747,6557.3373116560861,2239.8286108812463
curvature/fd_floor_gradient,d16-s7,16,7,33,-0.26671122994652408,6557.1718543041443,2216.4267560927469
curvature/fd_floor_random,d12-s10,12,10,30,0.54215795328142369,65533.03987026721,425780.07932553004
curvature/fd_floor_random,d12-s11,12,11,30,0.37397107897664073,65530.16593740278,427177.40786309249
curvature/fd_floor_random,d12-s7,12,7,30,0.35661846496106786,65564.463925450313,130961.63375488267
curvature/fd_floor_random,d12-s8,12,8,30,0.49187986651835364,65542.010187907377,65641.295162153197
curvature/fd_floor_random,d12-s9,12,9,30,0.54660734149054502,65549.506632612756,196490.2626831439
curvature/fd_floor_random,d14-s7,14,7,32,0.42558651026392957,65530.632304031358,196653.32620861009
curvature/fd_floor_random,d16-s7,16,7,33,0.62566844919786102,65541.200871291832,1312895.2709741197
curvature/fd_floor_update,d12-s10,12,10,30,0.3032258064516129,65558.462814688653,426051.94902053196
curvature/fd_floor_update,d12-s11,12,11,30,0.17908787541713014,65525.311249711383,65572.443399140015
curvature/fd_floor_update,d12-s7,12,7,30,0.28231368186874306,65581.594066165242,425621.28754728229
curvature/fd_floor_update,d12-s8,12,8,30,0.48654060066740823,65543.26686852597,131204.26508957206
curvature/fd_floor_update,d12-s9,12,9,30,0.49232480533926581,65541.706866182314,425959.02959861635
curvature/fd_floor_update,d14-s7,14,7,32,0.37793255131964809,65610.041173891659,196016.38627757342
curvature/fd_floor_update,d16-s7,16,7,33,0.53509358288770059,131061.92460475594,426562.42369266745
curvature/fd_snr_gradient,d12-s10,12,10,30,-0.80022246941045605,0.99984753210400601,0.99848467497118309
curvature/fd_snr_gradient,d12-s11,12,11,30,-0.70411568409343717,0.99984670123587738,0.99954175054477723
curvature/fd_snr_gradient,d12-s7,12,7,30,-0.54749721913236926,0.99984594868757104,0.99901471592439428
curvature/fd_snr_gradient,d12-s8,12,8,30,-0.7330367074527252,0.99984949706112625,0.99848178763828588
curvature/fd_snr_gradient,d12-s9,12,9,30,-0.61824249165739709,0.99990043698655806,0.99849314672738654
curvature/fd_snr_gradient,d14-s7,14,7,32,-0.40102639296187681,0.99984786983549234,0.99955533464087631
curvature/fd_snr_gradient,d16-s7,16,7,33,-0.428475935828877,0.99984579896200709,0.99954838179432204
curvature/fd_snr_random,d12-s10,12,10,30,-0.61913236929922133,0.99928722602373488,0.99881628977853598
curvature/fd_snr_random,d12-s11,12,11,30,-0.58576195773081197,0.99920938408311089,0.99878087212845601
curvature/fd_snr_random,d12-s7,12,7,30,-0.61557285873192435,0.99924977417348526,0.99884751304011865
curvature/fd_snr_random,d12-s8,12,8,30,-0.64582869855394875,0.99922346700115994,0.99873459154350019
curvature/fd_snr_random,d12-s9,12,9,30,-0.66229143492769738,0.99920502535119737,0.99874219642530471
curvature/fd_snr_random,d14-s7,14,7,32,-0.39222873900293254,0.9990439561583393,0.9989287457406506
curvature/fd_snr_random,d16-s7,16,7,33,-0.36296791443850274,0.99895294338789042,0.99878976822105681
curvature/fd_snr_update,d12-s10,12,10,30,-0.91546162402669629,0.9981458413006129,0.99003826029293673
curvature/fd_snr_update,d12-s11,12,11,30,-0.89632925472747482,0.99843949469575843,0.99050616637931121
curvature/fd_snr_update,d12-s7,12,7,30,-0.91234705228031154,0.99848549494547378,0.98922022703091206
curvature/fd_snr_update,d12-s8,12,8,30,-0.9457174638487208,0.99844957201950146,0.98920822809908149
curvature/fd_snr_update,d12-s9,12,9,30,-0.93459399332591764,0.99829107888716329,0.99009015356715713
curvature/fd_snr_update,d14-s7,14,7,32,-0.85630498533724331,0.99785247687558376,0.9889290657174703
curvature/fd_snr_update,d16-s7,16,7,33,-0.89471925133689845,0.99779345858038049,0.98649113739184857
curvature/gHg,d12-s10,12,10,30,-0.2640711902113459,0.01146184547910372,0.0069033219373739619
curvature/gHg,d12-s11,12,11,30,0.011345939933259176,0.0042413805295462102,0.0094297696723309246
curvature/gHg,d12-s7,12,7,30,-0.12925472747497219,0.016454889062667163,0.0041085267341150382
curvature/gHg,d12-s8,12,8,30,-0.25072302558398218,0.014461689245016134,0.0030738723073345884
curvature/gHg,d12-s9,12,9,30,-0.35350389321468295,0.018494875214225413,0.0028274289953141578
curvature/gHg,d14-s7,14,7,32,0.043988269794721403,0.0060598414100047661,0.004219640398386351
curvature/gHg,d16-s7,16,7,33,-0.0080213903743315516,0.008572295004500902,0.011239751604324433
curvature/gg,d12-s10,12,10,30,0.36284760845383757,0.00072281956588751792,0.0015069556799554417
curvature/gg,d12-s11,12,11,30,0.33971078976640712,0.0011064390292835589,0.0018713072993566502
curvature/gg,d12-s7,12,7,30,0.31301446051167958,0.00063687610857740768,0.0011736684474724754
curvature/gg,d12-s8,12,8,30,0.22491657397107895,0.00088942694545547825,0.0013729021464615261
curvature/gg,d12-s9,12,9,30,0.10656284760845385,0.00092269487054424449,0.0010639618296700683
curvature/gg,d14-s7,14,7,32,0.26136363636363635,0.00098695613062193275,0.0015926215987152373
curvature/gg,d16-s7,16,7,33,0.45354278074866311,0.001003155726723851,0.0043824921818132649
curvature/verdict_code_gradient,d12-s10,12,10,4,,1,
curvature/verdict_code_gradient,d12-s11,12,11,4,,1,
curvature/verdict_code_gradient,d12-s7,12,7,4,,1,
curvature/verdict_code_gradient,d12-s8,12,8,4,,1,
curvature/verdict_code_gradient,d12-s9,12,9,5,,1,
curvature/verdict_code_gradient,d14-s7,14,7,4,,1,
curvature/verdict_code_gradient,d16-s7,16,7,4,0,0.5,
curvature/verdict_code_random,d12-s10,12,10,30,,1,1
curvature/verdict_code_random,d12-s11,12,11,30,-0.18526697465801972,1,1
curvature/verdict_code_random,d12-s7,12,7,30,,1,1
curvature/verdict_code_random,d12-s8,12,8,30,,1,1
curvature/verdict_code_random,d12-s9,12,9,30,,1,1
curvature/verdict_code_random,d14-s7,14,7,32,-0.23769831458921464,1,1
curvature/verdict_code_random,d16-s7,16,7,33,,1,1
curvature/verdict_code_update,d12-s10,12,10,30,0.010727086497211297,1,1
curvature/verdict_code_update,d12-s11,12,11,30,,1,1
curvature/verdict_code_update,d12-s7,12,7,30,,1,1
curvature/verdict_code_update,d12-s8,12,8,30,,1,1
curvature/verdict_code_update,d12-s9,12,9,30,,1,1
curvature/verdict_code_update,d14-s7,14,7,32,,1,1
curvature/verdict_code_update,d16-s7,16,7,33,,1,1
curvature/vhv_gradient,d12-s10,12,10,30,-0.29343715239154616,0.011471064092183412,0.0068744442736344783
curvature/vhv_gradient,d12-s11,12,11,30,-0.016685205784204672,0.004202759185839313,0.0068218248871427679
curvature/vhv_gradient,d12-s7,12,7,30,-0.15995550611790879,0.015146354651157653,0.0027418771097115734
curvature/vhv_gradient,d12-s8,12,8,30,-0.23648498331479423,0.012800732453793272,0.001519431945857842
curvature/vhv_gradient,d12-s9,12,9,30,-0.47764182424916568,0.02084889010875654,0.0023988683867814213
curvature/vhv_gradient,d14-s7,14,7,32,-0.005131964809384164,0.0055868415846227672,0.0058734542121728116
curvature/vhv_gradient,d16-s7,16,7,33,-0.17346256684491981,0.0095271744624652842,0.00692012738065055
curvature/vhv_random,d12-s10,12,10,30,-0.13548387096774192,0.0035080035048827194,0.001717557164993341
curvature/vhv_random,d12-s11,12,11,30,-0.070077864293659628,0.0027496618795028339,0.0031788198878001618
curvature/vhv_random,d12-s7,12,7,30,-0.29388209121245829,0.0065092857217542224,0.001513204109047374
curvature/vhv_random,d12-s8,12,8,30,-0.15728587319243603,0.011194935362228703,0.0031352277203324595
curvature/vhv_random,d12-s9,12,9,30,0.097664071190211338,0.0024361788558576133,0.0033571966069568184
curvature/vhv_random,d14-s7,14,7,32,-0.11180351906158356,0.0060957682173313366,0.0087687338555883683
curvature/vhv_random,d16-s7,16,7,33,-0.25902406417112306,0.00686713797551043,0.0040149698822907129
curvature/vhv_update,d12-s10,12,10,30,-0.10255839822024472,0.0024548646750645244,0.0031504720548264282
curvature/vhv_update,d12-s11,12,11,30,-0.25962180200222468,0.0022047309805869244,0.0016911406952260025
curvature/vhv_update,d12-s7,12,7,30,-0.19911012235817574,0.0022975758345367896,0.0012550369379147968
curvature/vhv_update,d12-s8,12,8,30,-0.040711902113459396,0.0023994220006329403,0.002215786872673159
curvature/vhv_update,d12-s9,12,9,30,-0.12035595105672969,0.0025179480332649454,0.003443275467777741
curvature/vhv_update,d14-s7,14,7,32,-0.10483870967741933,0.0018311881027409688,0.0019153451617267736
curvature/vhv_update,d16-s7,16,7,33,-0.22927807486631016,0.0023523148078863571,0.0032451515299886302
update/actual,d12-s10,12,10,30,0.74238042269187987,0.012634348141080991,0.15103599440053578
update/actual,d12-s11,12,11,30,0.50344827586206897,0.012369179781093035,0.31235084946329927
update/actual,d12-s7,12,7,30,0.6587319243604004,0.015228657188170465,0.40600573723278643
update/actual,d12-s8,12,8,30,0.73526140155728581,0.010030055164161441,0.15748310067735677
update/actual,d12-s9,12,9,30,0.62536151279199104,0.012006426910908006,0.34548232956798064
update/actual,d14-s7,14,7,32,0.67778592375366564,0.018887611780913485,0.55685099342916455
update/actual,d16-s7,16,7,33,0.52272727272727282,0.013228197855840493,0.43436604540029061
update/direction_norm,d12-s10,12,10,30,,0,0
update/direction_norm,d12-s11,12,11,30,,0,0
update/direction_norm,d12-s7,12,7,30,,0,0
update/direction_norm,d12-s8,12,8,30,,0,0
update/direction_norm,d12-s9,12,9,30,,0,0
update/direction_norm,d14-s7,14,7,32,,0,0
update/direction_norm,d16-s7,16,7,33,,0,0
update/loss_after,d12-s10,12,10,30,0.3543937708565072,0.00011751829647980301,0.00047952567501259775
update/loss_after,d12-s11,12,11,30,0.43759733036707454,0.00019662118442583513,0.00052766007362343417
update/loss_after,d12-s7,12,7,30,0.28498331479421579,0.00017361408422073108,0.00042016113435624754
update/loss_after,d12-s8,12,8,30,0.48075639599555064,0.00010290931195782347,0.00034321606979814163
update/loss_after,d12-s9,12,9,30,0.28186874304783094,0.00019852158545199665,0.00066265824396448229
update/loss_after,d14-s7,14,7,32,0.1499266862170088,0.00021376054541237386,0.00049448768692971043
update/loss_after,d16-s7,16,7,33,0.47493315508021394,0.00026940752155543278,0.00066899986530827207
update/loss_before,d12-s10,12,10,30,0.3454949944382647,0.0001726783781399478,0.00044893626378506187
update/loss_before,d12-s11,12,11,30,0.44916573971078977,8.9800751502723563e-05,0.0003655245266216412
update/loss_before,d12-s7,12,7,30,0.44204671857619582,0.00016060902260781892,0.00055277640543746902
update/loss_before,d12-s8,12,8,30,0.46073414905450494,0.00013500252046974814,0.00042613048988832824
update/loss_before,d12-s9,12,9,30,0.48520578420467192,0.00014917423002326269,0.00039671212375729593
update/loss_before,d14-s7,14,7,32,0.2283724340175953,6.7138727342766019e-05,0.00028794237411484432
update/loss_before,d16-s7,16,7,33,0.40842245989304815,0.00011395507688196023,0.00045990653889009211
update/normalized_residual,d12-s10,12,10,30,0.39933259176863178,0.27203225927259606,18.632519854005501
update/normalized_residual,d12-s11,12,11,30,0.30189098998887653,0.20522192417481538,26.533135298087686
update/normalized_residual,d12-s7,12,7,30,0.38687430478309232,0.41170956753912702,169.53293226086453
update/normalized_residual,d12-s8,12,8,30,0.39087875417130141,0.41104015775791369,181.4554132525104
update/normalized_residual,d12-s9,12,9,30,0.51857619577308123,0.12809148916124219,226.46370045808379
update/normalized_residual,d14-s7,14,7,32,0.40285923753665687,0.35871836223028647,37.140161898592496
update/normalized_residual,d16-s7,16,7,33,0.41744652406417115,0.18269307905680171,70.230006708688222
update/p1,d12-s10,12,10,30,0.53859844271412682,0.00090796361497964481,0.013264518764860268
update/p1,d12-s11,12,11,30,0.39710789766407117,0.0010852211380466357,0.0072441969130790712
update/p1,d12-s7,12,7,30,0.39310344827586208,0.0018412286458858458,0.0090582960618396727
update/p1,d12-s8,12,8,30,0.435817575083426,0.0023626875568089891,0.0077684281071282195
update/p1,d12-s9,12,9,30,0.44872080088987759,0.00107190719643098,0.008427201696994251
update/p1,d14-s7,14,7,32,0.54068914956011727,0.0020962759113802082,0.022668438218276882
update/p1,d16-s7,16,7,33,0.56082887700534756,0.0029587333873103698,0.025635395107927873
update/p2,d12-s10,12,10,30,0.41357063403781974,0.0041184247359421673,0.012256468978032274
update/p2,d12-s11,12,11,30,0.24404894327030033,0.0022580600134633291,0.011748886042723969
update/p2,d12-s7,12,7,30,0.2413793103448276,0.0040997455943961973,0.0075704462399775593
update/p2,d12-s8,12,8,30,0.36418242491657399,0.0019607635082360283,0.0071068277126230955
update/p2,d12-s9,12,9,30,0.28854282536151277,0.0034758942443809783,0.0060239633675666362
update/p2,d14-s7,14,7,32,0.39369501466275653,0.0043127416166720963,0.012612231208851681
update/p2,d16-s7,16,7,33,0.41176470588235298,0.0037291675768472976,0.031642340390490256
update/residual_p1,d12-s10,12,10,30,0.34015572858731924,0.0089525347053238426,0.18933243296602822
update/residual_p1,d12-s11,12,11,30,0.2649610678531702,0.013489271366093313,0.35872017193202999
update/residual_p1,d12-s7,12,7,30,0.42157953281423799,0.016136987773237271,0.97504132742566452
update/residual_p1,d12-s8,12,8,30,0.42958843159065629,0.01175114936037608,0.53581245311184256
update/residual_p1,d12-s9,12,9,30,0.45494994438264746,0.012722999369926838,0.88805434576266729
update/residual_p1,d14-s7,14,7,32,0.31378299120234598,0.027425314482742599,0.33377446604706001
update/residual_p1,d16-s7,16,7,33,0.29712566844919791,0.015366364083200627,0.53213273611493606
update/residual_p2,d12-s10,12,10,30,0.40600667408231367,0.29243231775212059,21.665538678424113
update/residual_p2,d12-s11,12,11,30,0.29299221357063404,0.21818162063912508,32.404373808621095
update/residual_p2,d12-s7,12,7,30,0.38242491657397104,0.58516665737750484,226.94781169611298
update/residual_p2,d12-s8,12,8,30,0.39399332591768632,0.41914692439516554,180.33699528968509
update/residual_p2,d12-s9,12,9,30,0.52169076751946608,0.14721835873860534,290.14745335231527
update/residual_p2,d14-s7,14,7,32,0.42851906158357767,0.37641367707868106,44.265260569587682
update/residual_p2,d16-s7,16,7,33,0.44418449197860971,0.19587794604637762,306.11981115643471
